product_name,merchant_image_url,search_price
Apple USB-C to USB Adapter - Adaptateur USB - USB type A (F) pour 24 pin USB-C (M),https://static.fnac-static.com/multimedia/Images/FR/NR/be/2b/6c/7089086/1505-1/tsp20150423160949/Apple-Adaptateur-USB-C-vers-USB.jpg,25.99
"Apple iPad Mini 8,3'' 256 Go Mauve Wifi 7ème génération 2024",https://static.fnac-static.com/multimedia/Images/FR/MDM/67/92/6b/23827047/1505-1/tsp20260519120557/Apple-iPad-Mini-8-3-256-Go-Mauve-Wifi-7eme-generation-2024.jpg,689.99
Clavier sans fil Azerty Apple Magic Keyboard avec Touch ID et pavé numérique Noir,https://static.fnac-static.com/multimedia/Images/FR/MDM/ed/09/a4/27527661/1505-1/tsp20260429144151/Clavier-sans-fil-Azerty-Apple-Magic-Keyboard-avec-Touch-ID-et-pave-numerique-Noir.jpg,229
Pavé numérique sans fil Apple Magic Trackpad Bluetooth Noir,https://static.fnac-static.com/multimedia/Images/FR/MDM/36/04/a4/27526198/1505-1/tsp20260429144151/Pave-numerique-sans-fil-Apple-Magic-Trackpad-Bluetooth-Noir.jpg,169
Souris sans fil Apple Magic Mouse Bluetooth Blanc,https://static.fnac-static.com/multimedia/Images/FR/MDM/34/04/a4/27526196/1505-1/tsp20260429144151/Souris-sans-fil-Apple-Magic-Mouse-Bluetooth-Blanc.jpg,85
Pavé numérique sans fil Apple Magic Trackpad Bluetooth Blanc,https://static.fnac-static.com/multimedia/Images/FR/MDM/29/04/a4/27526185/1505-1/tsp20260429144151/Pave-numerique-sans-fil-Apple-Magic-Trackpad-Bluetooth-Blanc.jpg,139
Clavier sans fil Azerty Apple Magic Keyboard Blanc,https://static.fnac-static.com/multimedia/Images/FR/MDM/ea/09/a4/27527658/1505-1/tsp20260429144151/Clavier-sans-fil-Azerty-Apple-Magic-Keyboard-Blanc.jpg,119
Stylet Apple Pencil USB-C,https://static.fnac-static.com/multimedia/Images/FR/MDM/27/52/55/22368807/1505-1/tsp20260520174532/Stylet-Apple-Pencil-USB-C.jpg,89.99
"Apple iPad Mini 8,3'' 256 Go Bleu Wifi 7ème génération 2024",https://static.fnac-static.com/multimedia/Images/FR/MDM/69/92/6b/23827049/1505-1/tsp20260519120557/Apple-iPad-Mini-8-3-256-Go-Bleu-Wifi-7eme-generation-2024.jpg,689.99
Souris sans fil Apple Magic Mouse Bluetooth Noir,https://static.fnac-static.com/multimedia/Images/FR/MDM/28/04/a4/27526184/1505-1/tsp20260429144151/Souris-sans-fil-Apple-Magic-Mouse-Bluetooth-Noir.jpg,119
Apple Adaptateur secteur MagSafe 2 85 W,https://static.fnac-static.com/multimedia/Images/FR/NR/87/1a/39/3742343/1505-1/tsp20130605130010/Adaptateur-Secteur-MagSafe-2-Apple-85W-pour-MacBook-Pro-Retina.jpg,85.99
Chiffonnette Apple Blanc,https://static.fnac-static.com/multimedia/Images/FR/MDM/69/01/07/17236329/1505-1/tsp20250402132441/Chiffonnette-Apple-Blanc.jpg,20.0
Câble Lightning blanc Apple chargeur iPhone 1m,https://static.fnac-static.com/multimedia/Images/36/36/31/34/416634-1505-1505-1/tsp20260206181528/Cable-Lightning-blanc-Apple-chargeur-iPhone-1m.jpg,25.99
Adaptateur secteur USB-C 140 Watts Apple Blanc,https://static.fnac-static.com/multimedia/Images/FR/MDM/68/01/07/17236328/1505-1/tsp20260601130945/Adaptateur-secteur-USB-C-140-Watts-Apple-Blanc.jpg,119.99
"Apple iPad Pro 11"" Puce Apple M2 2To Argent Wifi Cellular Fin 2022",https://static.fnac-static.com/multimedia/Images/FR/MDM/9c/4f/13/18042780/1505-1/tsp20260403081801/Apple-iPad-Pro-11-Puce-Apple-M2-2To-Argent-Wifi-Cellular-Fin-2022.jpg,2339.99
Kit de SSD Interne pour Apple Mac Pro 2 To Noir et jaune,https://static.fnac-static.com/multimedia/Images/FR/MDM/90/bf/50/22069136/1505-1/tsp20260505180922/Kit-de-D-Interne-pour-Apple-Mac-Pro-2-To-Noir-et-jaune.jpg,1150
Câble de charge tissé USB-C Apple 1 m pour tablette et PC portable Blanc,https://static.fnac-static.com/multimedia/Images/FR/MDM/74/82/3b/20677236/1505-1/tsp20260416151537/Cable-de-charge-tie-USB-C-Apple-1-m-pour-tablette-et-PC-portable-Blanc.jpg,25.99
Kit de SSD Interne pour Apple Mac Pro 4 To Noir et jaune,https://static.fnac-static.com/multimedia/Images/FR/MDM/94/bf/50/22069140/1505-1/tsp20260505180922/Kit-de-D-Interne-pour-Apple-Mac-Pro-4-To-Noir-et-jaune.jpg,1840
Kit de SSD Interne pour Apple Mac Pro 8 To Noir et jaune,https://static.fnac-static.com/multimedia/Images/FR/MDM/91/bf/50/22069137/1505-1/tsp20260505180922/Kit-de-D-Interne-pour-Apple-Mac-Pro-8-To-Noir-et-jaune.jpg,3220
Câble d'alimentation Apple Thunderbolt 4 Pro 1.8 m Noir,https://static.fnac-static.com/multimedia/Images/FR/MDM/61/73/16/18248545/1505-1/tsp20260417104824/Cable-d-alimentation-Apple-Thunderbolt-4-Pro-1-8-m-Noir.jpg,149.99
"Apple MacBook Pro 13.3'' Retina avec Touch Bar 256 Go SSD 8 Go RAM Intel Core i5 bicœur à 2.9 GHz Gris Sidéral + Disque Dur Externe WD My Passport pour Mac 1 To Noir + Housse C6 Zip Sleeve pour MacBook 13"" Charcoal et Blush",https://static.fnac-static.com/multimedia/Images/FR/NR/b2/4e/87/8867506/1505-1/tsp20170612170844/Apple-MacBook-Pro-13-3-Retina-avec-Touch-Bar-256-Go-D-8-Go-RAM-Intel-Core-i5-bicoeur-a-2-9-GHz-Gris-Sideral-Disque-Dur-Externe-WD-My-Paport-pour-Mac-1-To-Noir-Houe-C6-Zip-Sleeve-pour-MacBook-13-Charcoal-et-Blush.jpg,2143.45
Apple MacBook Pro 13.3'' Retina avec Touch Bar 256 Go SSD 8 Go RAM Intel Core i5 bicœur à 2.9 GHz Gris Sidéral + Casque Beats Solo 2 Edition Luxe Noir,https://static.fnac-static.com/multimedia/Images/FR/NR/b1/4e/87/8867505/1505-1/tsp20170608121451/Apple-MacBook-Pro-13-3-Retina-avec-Touch-Bar-256-Go-D-8-Go-RAM-Intel-Core-i5-bicoeur-a-2-9-GHz-Gris-Sideral-Casque-Beats-Solo-2-Edition-Luxe-Noir.jpg,2183.46
"Apple MacBook Pro 15.4"" Retina avec Touch Bar 256 Go SSD 16 Go RAM Intel Core i7 quadricœur à 2.6 GHz Gris Sidéral + Disque Dur Externe WD My Passport pour Mac 1 To Noir + Housse MW Noire et Blanche pour MacBook Pro Retina 15""",https://static.fnac-static.com/multimedia/Images/FR/NR/b0/4e/87/8867504/1505-1/tsp20170608121451/Apple-MacBook-Pro-15-4-Retina-avec-Touch-Bar-256-Go-D-16-Go-RAM-Intel-Core-i7-quadricoeur-a-2-6-GHz-Gris-Sideral-Disque-Dur-Externe-WD-My-Paport-pour-Mac-1-To-Noir-Houe-MW-Noire-et-Blanche-pour-MacBook-Pro-Retina-15.jpg,2839.97
"Apple iPad Pro 12,9"" Puce Apple M2 2To Gris Sidéral Wifi Fin 2022",https://static.fnac-static.com/multimedia/Images/FR/MDM/94/4f/13/18042772/1505-1/tsp20260403081801/Apple-iPad-Pro-12-9-Puce-Apple-M2-2To-Gris-Sideral-Wifi-Fin-2022.jpg,2449.99
"Etui Apple Smart Folio pour iPad Pro 13"" (M4) Blanc",https://static.fnac-static.com/multimedia/Images/FR/MDM/34/72/03/17003060/1505-1/tsp20251217120047/Etui-Apple-Smart-Folio-pour-iPad-Pro-13-M4-Blanc.jpg,49.99
"Apple Pencil Pro pour iPad Pro 11"" iPad Pro 13"" iPad Air 11"" et iPad Air 13"" Blanc",https://static.fnac-static.com/multimedia/Images/FR/MDM/36/72/03/17003062/1505-1/tsp20260520174532/Apple-Pencil-Pro-pour-iPad-Pro-11-iPad-Pro-13-iPad-Air-11-et-iPad-Air-13-Blanc.jpg,149.99
"Apple iPad Pro 12,9"" Puce Apple M2 2To Argent Wifi Fin 2022",https://static.fnac-static.com/multimedia/Images/FR/MDM/4e/4f/13/18042702/1505-1/tsp20260403081801/Apple-iPad-Pro-12-9-Puce-Apple-M2-2To-Argent-Wifi-Fin-2022.jpg,2449.99
"Apple iPad Pro 11"" Puce Apple M4 2 To Noir Sidéral Wi-Fi 7ème génération 2024",https://static.fnac-static.com/multimedia/Images/FR/MDM/b2/4e/13/18042546/1505-1/tsp20260330130655/Apple-iPad-Pro-11-Puce-Apple-M4-2-To-Noir-Sideral-Wi-Fi-7eme-generation-2024.jpg,2429.99
"Apple iPad Pro 11"" Puce Apple M4 2 To Argent Wi-Fi 7ème génération 2024",https://static.fnac-static.com/multimedia/Images/FR/MDM/aa/4f/13/18042794/1505-1/tsp20260218200307/Apple-iPad-Pro-11-Puce-Apple-M4-2-To-Argent-Wi-Fi-7eme-generation-2024.jpg,2429.99
"Apple iPad Pro 11"" Puce Apple M4 2 To Noir Sidéral 5G 7ème génération 2024",https://static.fnac-static.com/multimedia/Images/FR/MDM/7e/4f/13/18042750/1505-1/tsp20260216133743/Apple-iPad-Pro-11-Puce-Apple-M4-2-To-Noir-Sideral-5G-7eme-generation-2024.jpg,2679.99
"Apple iPad Pro 11"" Puce Apple M4 2 To Argent 5G Nano-texturé 7ème génération 2024",https://static.fnac-static.com/multimedia/Images/FR/MDM/87/4e/13/18042503/1505-1/tsp20260218195323/Apple-iPad-Pro-11-Puce-Apple-M4-2-To-Argent-5G-Nano-texture-7eme-generation-2024.jpg,2809.99
"Apple iPad Pro 11"" Puce Apple M4 2 To Argent 5G 7ème génération 2024",https://static.fnac-static.com/multimedia/Images/FR/MDM/c6/4f/13/18042822/1505-1/tsp20260216133743/Apple-iPad-Pro-11-Puce-Apple-M4-2-To-Argent-5G-7eme-generation-2024.jpg,2679.99
"Apple iPad Pro 11"" Puce Apple M2 2To Gris Sidéral Wifi Cellular Fin 2022",https://static.fnac-static.com/multimedia/Images/FR/MDM/9b/4f/13/18042779/1505-1/tsp20260403081801/Apple-iPad-Pro-11-Puce-Apple-M2-2To-Gris-Sideral-Wifi-Cellular-Fin-2022.jpg,2339.99
"Apple iPad Pro 11"" Puce Apple M4 2 To Argent Wi-Fi Nano-texturé 7ème génération 2024",https://static.fnac-static.com/multimedia/Images/FR/MDM/6d/4f/13/18042733/1505-1/tsp20260218200307/Apple-iPad-Pro-11-Puce-Apple-M4-2-To-Argent-Wi-Fi-Nano-texture-7eme-generation-2024.jpg,2559.99
Adaptateur de câble Apple Thunderbolt 3 USB-C vers Thunderbolt 2 Blanc,https://static.fnac-static.com/multimedia/Images/FR/NR/de/ce/80/8441566/1505-1/tsp20161118110333/Adaptateur-de-cable-Apple-Thunderbolt-3-USB-C-vers-Thunderbolt-2-Blanc.jpg,55.99
"Apple iPad Pro 11"" Puce Apple M4 2 To Noir Sidéral Wi-Fi Nano-texturé 7ème génération 2024",https://static.fnac-static.com/multimedia/Images/FR/MDM/ca/4f/13/18042826/1505-1/tsp20260218200307/Apple-iPad-Pro-11-Puce-Apple-M4-2-To-Noir-Sideral-Wi-Fi-Nano-texture-7eme-generation-2024.jpg,2559.99
"Apple iPad Air 11"" Puce Apple M2 1 To Lumière Stellaire 5G 6 ème génération 2024",https://static.fnac-static.com/multimedia/Images/FR/MDM/8e/4e/13/18042510/1505-1/tsp20260415083223/Apple-iPad-Air-11-Puce-Apple-M2-1-To-Lumiere-Stellaire-5G-6-eme-generation-2024.jpg,1519.99
"Apple iPad Air 11"" Puce Apple M2 1 To Bleu Wifi 6 ème génération 2024",https://static.fnac-static.com/multimedia/Images/FR/MDM/76/70/52/22179958/1505-1/tsp20260415083826/Apple-iPad-Air-11-Puce-Apple-M2-1-To-Bleu-Wifi-6-eme-generation-2024.jpg,1289.99
"Apple iPad Pro 11"" Puce Apple M4 1 To Argent Wi-Fi Nano-texturé 7ème génération 2024",https://static.fnac-static.com/multimedia/Images/FR/MDM/82/4f/13/18042754/1505-1/tsp20260218200307/Apple-iPad-Pro-11-Puce-Apple-M4-1-To-Argent-Wi-Fi-Nano-texture-7eme-generation-2024.jpg,2079.99
"Apple iPad Pro 11"" Puce Apple M4 2 To Noir Sidéral 5G Nano-texturé 7ème génération 2024",https://static.fnac-static.com/multimedia/Images/FR/MDM/86/4e/13/18042502/1505-1/tsp20260218195323/Apple-iPad-Pro-11-Puce-Apple-M4-2-To-Noir-Sideral-5G-Nano-texture-7eme-generation-2024.jpg,2809.99
"Apple Digital AV Multiport Adapter - Adaptateur vidéo - 24 pin USB-C mâle pour USB, HDMI, USB-C (alimentation uniquement) femelle - support 4K",https://static.fnac-static.com/multimedia/Images/FR/MDM/5b/b1/bd/12431707/1505-1/tsp20260525083552/Apple-Digital-AV-Multiport-Adapter-Adaptateur-video-24-pin-USB-C-male-pour-USB-HDMI-USB-C-alimentation-uniquement-femelle-support-4K.jpg,79.99
"Apple iPad Air 11"" Puce Apple M2 1 To Gris sidéral 5G 6 ème génération 2024",https://static.fnac-static.com/multimedia/Images/FR/MDM/c6/4e/13/18042566/1505-1/tsp20260415083411/Apple-iPad-Air-11-Puce-Apple-M2-1-To-Gris-sideral-5G-6-eme-generation-2024.jpg,1459.99
Adaptateur secteur Apple USB-C 70 W Blanc,https://static.fnac-static.com/multimedia/Images/FR/MDM/57/bf/50/22069079/1505-1/tsp20260601113925/Adaptateur-secteur-Apple-USB-C-70-W-Blanc.jpg,65.99
Clavier Apple Magic Keyboard Blanc pour iPad 10ième génération et A16,https://static.fnac-static.com/multimedia/Images/FR/MDM/ed/7d/3b/20676077/1505-1/tsp20260406210631/Clavier-Apple-Magic-Keyboard-Blanc-pour-iPad-10ieme-generation-et-A16.jpg,299.99
Apple Watch Series 10 GPS + Cellular 46mm Boîtier en Titane Naturel avec Bracelet Sport Gris Minéral M/L,https://static.fnac-static.com/multimedia/Images/FR/MDMFR/MDM/50/c3/04/17089360/1505-1/tsp20250821183217/Apple-Watch-Series-10-GPS-Cellular-46mm-Boitier-en-Titane-Naturel-avec-Bracelet-Sport-Gris-Mineral-M-L.jpg,739.99
"Apple iPad Air 11"" Puce Apple M2 1 To Bleu 5G 6 ème génération 2024",https://static.fnac-static.com/multimedia/Images/FR/MDM/8d/4e/13/18042509/1505-1/tsp20260415083223/Apple-iPad-Air-11-Puce-Apple-M2-1-To-Bleu-5G-6-eme-generation-2024.jpg,1459.99
"Apple iPad Pro 13"" Puce Apple M4 2 To Argent Wi-Fi Nano-texturé 7ème génération 2024",https://static.fnac-static.com/multimedia/Images/FR/MDM/b3/4e/13/18042547/1505-1/tsp20260216133203/Apple-iPad-Pro-13-Puce-Apple-M4-2-To-Argent-Wi-Fi-Nano-texture-7eme-generation-2024.jpg,2909.99
Apple Watch Series 10 GPS + Cellular 46mm Boîtier en Aluminium Argent avec Bracelet Sport Denim S/M,https://static.fnac-static.com/multimedia/Images/FR/MDMFR/MDM/96/c3/04/17089430/1505-1/tsp20260218195323/Apple-Watch-Series-10-GPS-Cellular-46mm-Boitier-en-Aluminium-Argent-avec-Bracelet-Sport-Denim-S-M.jpg,539.99
"Apple iPad Pro 11"" Puce Apple M4 1 To Argent Wi-Fi 7ème génération 2024",https://static.fnac-static.com/multimedia/Images/FR/MDM/c3/4f/13/18042819/1505-1/tsp20260218200307/Apple-iPad-Pro-11-Puce-Apple-M4-1-To-Argent-Wi-Fi-7eme-generation-2024.jpg,1949.99
"Apple iPad Mini 8,3'' 512 Go Bleu Wifi 7ème génération 2024",https://static.fnac-static.com/multimedia/Images/FR/MDM/68/92/6b/23827048/1505-1/tsp20260519120557/Apple-iPad-Mini-8-3-512-Go-Bleu-Wifi-7eme-generation-2024.jpg,939.99
"Apple iPad 11"" A16 512 Go Argent 5G 2025",https://static.fnac-static.com/multimedia/Images/FR/MDM/51/22/fd/16589393/1505-1/tsp20260519115133/Apple-iPad-11-A16-512-Go-Argent-5G-2025.jpg,939.99
"Apple iPad 11"" A16 512 Go Jaune Wifi 2025",https://static.fnac-static.com/multimedia/Images/FR/MDM/4c/22/fd/16589388/1505-1/tsp20260616101347/Apple-iPad-11-A16-512-Go-Jaune-Wifi-2025.jpg,769.99
"Apple iPad Pro 13"" Puce Apple M4 2 To Argent 5G 7ème génération 2024",https://static.fnac-static.com/multimedia/Images/FR/MDM/b3/4f/13/18042803/1505-1/tsp20260218200307/Apple-iPad-Pro-13-Puce-Apple-M4-2-To-Argent-5G-7eme-generation-2024.jpg,3029.99
"Apple iPad Air 11"" Puce M3 128 Go Wifi 7ème génération 2025 Bleu",https://static.fnac-static.com/multimedia/Images/FR/MDM/f0/91/6b/23826928/1505-1/tsp20260325090940/Apple-iPad-Air-11-Puce-M3-128-Go-Wifi-7eme-generation-2025-Bleu.jpg,609.99
Clavier sans fil Azerty Apple Magic Keyboard avec Touch ID et pavé numérique Blanc,https://static.fnac-static.com/multimedia/Images/FR/MDM/ec/09/a4/27527660/1505-1/tsp20260429144151/Clavier-sans-fil-Azerty-Apple-Magic-Keyboard-avec-Touch-ID-et-pave-numerique-Blanc.jpg,199
"Apple iPad Pro 13"" Puce Apple M4 2 To Noir Sidéral Wi-Fi Nano-texturé 7ème génération 2024",https://static.fnac-static.com/multimedia/Images/FR/MDM/6f/4f/13/18042735/1505-1/tsp20260216133203/Apple-iPad-Pro-13-Puce-Apple-M4-2-To-Noir-Sideral-Wi-Fi-Nano-texture-7eme-generation-2024.jpg,2909.99
Apple Pencil 2ème génération pour iPad Pro 11'' 2eme génération et iPad Pro 12.9'' 4eme génération,https://static.fnac-static.com/multimedia/Images/FR/MDM/7a/45/97/9913722/1505-1/tsp20260520174803/Apple-Pencil-2eme-generation-pour-iPad-Pro-11-2eme-generation-et-iPad-Pro-12-9-4eme-generation.jpg,149.99
"Apple iPad Mini 8,3'' 512 Go Mauve Wifi 7ème génération 2024",https://static.fnac-static.com/multimedia/Images/FR/MDM/1c/92/6b/23826972/1505-1/tsp20260519120557/Apple-iPad-Mini-8-3-512-Go-Mauve-Wifi-7eme-generation-2024.jpg,939.99
"Apple iPad Mini 8,3'' 512 Go Lumière Stellaire Wifi 7ème génération 2024",https://static.fnac-static.com/multimedia/Images/FR/MDM/28/92/6b/23826984/1505-1/tsp20260524104944/Apple-iPad-Mini-8-3-512-Go-Lumiere-Stellaire-Wifi-7eme-generation-2024.jpg,939.99
"Apple iPad 11"" A16 512 Go Bleu 5G 2025",https://static.fnac-static.com/multimedia/Images/FR/MDM/22/22/fd/16589346/1505-1/tsp20260524104319/Apple-iPad-11-A16-512-Go-Bleu-5G-2025.jpg,939.99
"Apple iPad 11"" A16 512 Go Rose 5G 2025",https://static.fnac-static.com/multimedia/Images/FR/MDM/54/22/fd/16589396/1505-1/tsp20260519115133/Apple-iPad-11-A16-512-Go-Rose-5G-2025.jpg,939.99
"Apple iPad Air 13"" Puce M3 1 To 5G 7ème génération 2025 Lumière Stellaire",https://static.fnac-static.com/multimedia/Images/FR/MDM/09/92/6b/23826953/1505-1/tsp20260305085527/Apple-iPad-Air-13-Puce-M3-1-To-5G-7eme-generation-2025-Lumiere-Stellaire.jpg,1609.99
"Apple iPad Air 11"" Puce M3 1 To 5G 7ème génération 2025 Bleu",https://static.fnac-static.com/multimedia/Images/FR/MDM/3e/92/6b/23827006/1505-1/tsp20260305085527/Apple-iPad-Air-11-Puce-M3-1-To-5G-7eme-generation-2025-Bleu.jpg,1409.99
"Apple iPad Air 11"" Puce M3 1 To 5G 7ème génération 2025 Lumière Stellaire",https://static.fnac-static.com/multimedia/Images/FR/MDM/f3/91/6b/23826931/1505-1/tsp20260519115833/Apple-iPad-Air-11-Puce-M3-1-To-5G-7eme-generation-2025-Lumiere-Stellaire.jpg,1409.99
"Apple iPad Air 13"" Puce M3 1 To 5G 7ème génération 2025 Mauve",https://static.fnac-static.com/multimedia/Images/FR/MDM/fd/91/6b/23826941/1505-1/tsp20260305085527/Apple-iPad-Air-13-Puce-M3-1-To-5G-7eme-generation-2025-Mauve.jpg,1609.99
"Apple iPad Air 11"" Puce M3 1 To 5G 7ème génération 2025 Mauve",https://static.fnac-static.com/multimedia/Images/FR/MDM/4d/92/6b/23827021/1505-1/tsp20260519120557/Apple-iPad-Air-11-Puce-M3-1-To-5G-7eme-generation-2025-Mauve.jpg,1409.99
Adaptateur Lightning AV numérique Apple pour iPad/iPhone/iPod Blanc,https://static.fnac-static.com/multimedia/FR/Images_Produits/FR/fnac.com/Zoom Produit technique/3/5/6/0885909627653/tsp20121213141117/Apple-Adaptateur-Lightning-AV-numerique-pour-iPad-iPad-Mini-Blanc.jpg,58.99
"Apple iPad 11"" A16 512 Go Jaune 5G 2025",https://static.fnac-static.com/multimedia/Images/FR/MDM/24/22/fd/16589348/1505-1/tsp20260519115133/Apple-iPad-11-A16-512-Go-Jaune-5G-2025.jpg,939.99
"Apple iPad Mini 8,3'' 512 Go Mauve 5G 7ème génération 2024",https://static.fnac-static.com/multimedia/Images/FR/MDM/1d/92/6b/23826973/1505-1/tsp20260519120557/Apple-iPad-Mini-8-3-512-Go-Mauve-5G-7eme-generation-2024.jpg,1109.99
"Apple iPad Air 13"" Puce M3 1 To Wifi 7ème génération 2025 Bleu",https://static.fnac-static.com/multimedia/Images/FR/MDM/a6/b3/a8/27833254/1505-1/tsp20260325090940/Apple-iPad-Air-13-Puce-M3-1-To-Wifi-7eme-generation-2025-Bleu.jpg,1439.99
"Apple iPad Mini 8,3'' 512 Go Lumière stellaire 5G 7ème génération 2024",https://static.fnac-static.com/multimedia/Images/FR/MDM/8b/92/6b/23827083/1505-1/tsp20260519120557/Apple-iPad-Mini-8-3-512-Go-Lumiere-stellaire-5G-7eme-generation-2024.jpg,1109.99
"Apple iPad Mini 8,3'' 512 Go Gris Sidéral Wifi 7ème génération 2024",https://static.fnac-static.com/multimedia/Images/FR/MDM/72/92/6b/23827058/1505-1/tsp20260519120557/Apple-iPad-Mini-8-3-512-Go-Gris-Sideral-Wifi-7eme-generation-2024.jpg,939.99
"Apple iPad Mini 8,3'' 512 Go Bleu 5G 7ème génération 2024",https://static.fnac-static.com/multimedia/Images/FR/MDM/77/92/6b/23827063/1505-1/tsp20260519120557/Apple-iPad-Mini-8-3-512-Go-Bleu-5G-7eme-generation-2024.jpg,1109.99
"Apple iPad Air 13"" Puce Apple M2 512 Go Mauve Wifi 6 ème génération 2024",https://static.fnac-static.com/multimedia/Images/FR/MDM/93/4e/13/18042515/1505-1/tsp20260415083223/Apple-iPad-Air-13-Puce-Apple-M2-512-Go-Mauve-Wifi-6-eme-generation-2024.jpg,1289.99
"Apple iPad Air 13"" Puce Apple M2 1 To Lumière Stellaire Wifi 6 ème génération 2024",https://static.fnac-static.com/multimedia/Images/FR/MDM/ca/4e/13/18042570/1505-1/tsp20260415083411/Apple-iPad-Air-13-Puce-Apple-M2-1-To-Lumiere-Stellaire-Wifi-6-eme-generation-2024.jpg,1539.99
"Apple iPad Air 13"" Puce Apple M2 1 To Gris sidéral Wifi 6 ème génération 2024",https://static.fnac-static.com/multimedia/Images/FR/MDM/c9/4e/13/18042569/1505-1/tsp20260415083411/Apple-iPad-Air-13-Puce-Apple-M2-1-To-Gris-sideral-Wifi-6-eme-generation-2024.jpg,1539.99
"Apple MacBook Air 13"" 2 To SSD 24 Go RAM Puce M4 CPU 10 cœurs GPU 10 cœurs Bleu Ciel",https://static.fnac-static.com/multimedia/Images/FR/MDM/99/92/6b/23827097/1505-1/tsp20260401144644/Apple-MacBook-Air-13-2-To-D-24-Go-RAM-Puce-M4-CPU-10-coeurs-GPU-10-coeurs-Bleu-Ciel.jpg,2399
"Apple MacBook Air 13"" 2 To SSD 24 Go RAM Puce M4 CPU 10 cœurs GPU 10 cœurs Argent",https://static.fnac-static.com/multimedia/Images/FR/MDM/22/92/6b/23826978/1505-1/tsp20260401144644/Apple-MacBook-Air-13-2-To-D-24-Go-RAM-Puce-M4-CPU-10-coeurs-GPU-10-coeurs-Argent.jpg,2399
"Apple MacBook Air 13"" 2 To SSD 32 Go RAM Puce M4 CPU 10 cœurs GPU 10 cœurs Argent",https://static.fnac-static.com/multimedia/Images/FR/MDM/6f/92/6b/23827055/1505-1/tsp20260401144644/Apple-MacBook-Air-13-2-To-D-32-Go-RAM-Puce-M4-CPU-10-coeurs-GPU-10-coeurs-Argent.jpg,2599
"Apple MacBook Air 13"" 2 To SSD 24 Go RAM Puce M4 CPU 10 cœurs GPU 10 cœurs Minuit",https://static.fnac-static.com/multimedia/Images/FR/MDM/a1/92/6b/23827105/1505-1/tsp20260409130828/Apple-MacBook-Air-13-2-To-D-24-Go-RAM-Puce-M4-CPU-10-coeurs-GPU-10-coeurs-Minuit.jpg,2399
"Apple MacBook Air 13"" 2 To SSD 24 Go RAM Puce M4 CPU 10 cœurs GPU 10 cœurs Lumière Stellaire",https://static.fnac-static.com/multimedia/Images/FR/MDM/2e/92/6b/23826990/1505-1/tsp20260401144644/Apple-MacBook-Air-13-2-To-D-24-Go-RAM-Puce-M4-CPU-10-coeurs-GPU-10-coeurs-Lumiere-Stellaire.jpg,2399
"Apple MacBook Air 15"" 2 To SSD 24 Go RAM Puce M4 CPU 10 cœurs GPU 10 cœurs Bleu Ciel",https://static.fnac-static.com/multimedia/Images/FR/MDM/9a/94/a3/27497626/1505-1/tsp20260313143834/Apple-MacBook-Air-15-2-To-D-24-Go-RAM-Puce-M4-CPU-10-coeurs-GPU-10-coeurs-Bleu-Ciel.jpg,2649
"Apple MacBook Air 15"" 2 To SSD 24 Go RAM Puce M4 CPU 10 cœurs GPU 10 cœurs Lumière Stellaire",https://static.fnac-static.com/multimedia/Images/FR/MDM/9b/94/a3/27497627/1505-1/tsp20260313143834/Apple-MacBook-Air-15-2-To-D-24-Go-RAM-Puce-M4-CPU-10-coeurs-GPU-10-coeurs-Lumiere-Stellaire.jpg,2649
"Apple MacBook Air 15"" 2 To SSD 24 Go RAM Puce M4 CPU 10 cœurs GPU 10 cœurs Argent",https://static.fnac-static.com/multimedia/Images/FR/MDM/78/94/a3/27497592/1505-1/tsp20260313143834/Apple-MacBook-Air-15-2-To-D-24-Go-RAM-Puce-M4-CPU-10-coeurs-GPU-10-coeurs-Argent.jpg,2649
"Apple iPad Pro 13"" Puce Apple M4 2 To Argent Wi-Fi 7ème génération 2024",https://static.fnac-static.com/multimedia/Images/FR/MDM/c8/4f/13/18042824/1505-1/tsp20260325090212/Apple-iPad-Pro-13-Puce-Apple-M4-2-To-Argent-Wi-Fi-7eme-generation-2024.jpg,2779.99
"Apple iPad 11"" A16 256 Go Jaune 5G 2025",https://static.fnac-static.com/multimedia/Images/FR/MDM/50/22/fd/16589392/1505-1/tsp20260519115133/Apple-iPad-11-A16-256-Go-Jaune-5G-2025.jpg,689.99
"Apple iPad Air 13"" Puce M3 512 Go Wifi 7ème génération 2025 Bleu",https://static.fnac-static.com/multimedia/Images/FR/MDM/7c/b3/a8/27833212/1505-1/tsp20260305090043/Apple-iPad-Air-13-Puce-M3-512-Go-Wifi-7eme-generation-2025-Bleu.jpg,1189.99
Câble USB-C vers Magsafe 3 Apple 2m Blanc,https://static.fnac-static.com/multimedia/Images/FR/MDM/66/01/07/17236326/1505-1/tsp20260522081934/Cable-USB-C-vers-Magsafe-3-Apple-2m-Blanc.jpg,55.99
"Apple iPad Air 11"" Puce M3 1 To Wifi 7ème génération 2025 Gris sidéral",https://static.fnac-static.com/multimedia/Images/FR/MDM/ed/91/6b/23826925/1505-1/tsp20260305085527/Apple-iPad-Air-11-Puce-M3-1-To-Wifi-7eme-generation-2025-Gris-sideral.jpg,1239.99
"Apple iPad Mini 8,3'' 256 Go Lumière Stellaire Wifi 7ème génération 2024",https://static.fnac-static.com/multimedia/Images/FR/MDM/1e/92/6b/23826974/1505-1/tsp20260519120557/Apple-iPad-Mini-8-3-256-Go-Lumiere-Stellaire-Wifi-7eme-generation-2024.jpg,689.99
"Apple Power Adapter Extension Cable - Rallonge de câble d'alimentation - power CEE 7/7 (M) - 1.83 m - pour MagSafe, MagSafe 2, USB-C",https://static.fnac-static.com/multimedia/Images/FR/NR/c1/2b/6c/7089089/1505-1/tsp20150423160949/Apple-Cable-d-extension-pour-adaptateur-secteur.jpg,24.99
"Apple iPad Air 11"" Puce Apple M2 256 Go Mauve 5G 6 ème génération 2024",https://static.fnac-static.com/multimedia/Images/FR/MDM/6b/70/52/22179947/1505-1/tsp20260415083826/Apple-iPad-Air-11-Puce-Apple-M2-256-Go-Mauve-5G-6-eme-generation-2024.jpg,1019.99
"Apple iPad Air 11"" Puce Apple M2 512 Go Bleu 5G 6 ème génération 2024",https://static.fnac-static.com/multimedia/Images/FR/MDM/72/70/52/22179954/1505-1/tsp20260415083826/Apple-iPad-Air-11-Puce-Apple-M2-512-Go-Bleu-5G-6-eme-generation-2024.jpg,1209.99
"Apple iPad Air 11"" Puce Apple M2 256 Go Lumière Stellaire 5G 6 ème génération 2024",https://static.fnac-static.com/multimedia/Images/FR/MDM/70/70/52/22179952/1505-1/tsp20260415083826/Apple-iPad-Air-11-Puce-Apple-M2-256-Go-Lumiere-Stellaire-5G-6-eme-generation-2024.jpg,1019.99
"Apple iPad Air 11"" Puce Apple M2 128 Go Mauve 5G 6 ème génération 2024",https://static.fnac-static.com/multimedia/Images/FR/MDM/7f/70/52/22179967/1505-1/tsp20260415083826/Apple-iPad-Air-11-Puce-Apple-M2-128-Go-Mauve-5G-6-eme-generation-2024.jpg,829.99
"Apple iPad Air 13"" Puce M3 1 To 5G 7ème génération 2025 Bleu",https://static.fnac-static.com/multimedia/Images/FR/MDM/49/92/6b/23827017/1505-1/tsp20260305085527/Apple-iPad-Air-13-Puce-M3-1-To-5G-7eme-generation-2025-Bleu.jpg,1609.99
"Apple iPad Air 13"" Puce M3 512 Go 5G 7ème génération 2025 Lumière Stellaire",https://static.fnac-static.com/multimedia/Images/FR/MDM/46/92/6b/23827014/1505-1/tsp20260305085527/Apple-iPad-Air-13-Puce-M3-512-Go-5G-7eme-generation-2025-Lumiere-Stellaire.jpg,1359.99
"Apple iPad Air 13"" Puce M3 512 Go 5G 7ème génération 2025 Bleu",https://static.fnac-static.com/multimedia/Images/FR/MDM/07/92/6b/23826951/1505-1/tsp20260305085527/Apple-iPad-Air-13-Puce-M3-512-Go-5G-7eme-generation-2025-Bleu.jpg,1359.99
Lot de 4 Pointes Blanc pour Apple Pencil,https://static.fnac-static.com/multimedia/Images/FR/MDM/41/76/a6/27686465/1505-1/tsp20250720131407/Lot-de-4-Pointes-Blanc-pour-Apple-Pencil.jpg,25.99
"Apple MacBook Air 13"" 2 To SSD 32 Go RAM Puce M4 CPU 10 cœurs GPU 10 cœurs Bleu Clair",https://static.fnac-static.com/multimedia/Images/FR/MDM/9a/92/6b/23827098/1505-1/tsp20260401144644/Apple-MacBook-Air-13-2-To-D-32-Go-RAM-Puce-M4-CPU-10-coeurs-GPU-10-coeurs-Bleu-Clair.jpg,2599
"Apple iPad Pro 13"" Puce Apple M4 2 To Noir Sidéral Wi-Fi 7ème génération 2024",https://static.fnac-static.com/multimedia/Images/FR/MDM/80/4f/13/18042752/1505-1/tsp20260325090212/Apple-iPad-Pro-13-Puce-Apple-M4-2-To-Noir-Sideral-Wi-Fi-7eme-generation-2024.jpg,2779.99
"Apple iPad Mini 8,3'' 128 Go Bleu 5G 7ème génération 2024",https://static.fnac-static.com/multimedia/Images/FR/MDM/64/92/6b/23827044/1505-1/tsp20260519120557/Apple-iPad-Mini-8-3-128-Go-Bleu-5G-7eme-generation-2024.jpg,729.99
"Apple MacBook Air 15"" 2 To SSD 32 Go RAM Puce M4 CPU 10 cœurs GPU 10 cœurs Lumière Stellaire",https://static.fnac-static.com/multimedia/Images/FR/MDM/e9/94/a3/27497705/1505-1/tsp20260313143834/Apple-MacBook-Air-15-2-To-D-32-Go-RAM-Puce-M4-CPU-10-coeurs-GPU-10-coeurs-Lumiere-Stellaire.jpg,2899
"Apple MacBook Air 13"" 2 To SSD 32 Go RAM Puce M4 CPU 10 cœurs GPU 10 cœurs Minuit",https://static.fnac-static.com/multimedia/Images/FR/MDM/8f/92/6b/23827087/1505-1/tsp20260401144644/Apple-MacBook-Air-13-2-To-D-32-Go-RAM-Puce-M4-CPU-10-coeurs-GPU-10-coeurs-Minuit.jpg,2599
"Apple MacBook Air 13"" 2 To SSD 32 Go RAM Puce M4 CPU 10 cœurs GPU 10 cœurs Lumière Stellaire",https://static.fnac-static.com/multimedia/Images/FR/MDM/73/94/a3/27497587/1505-1/tsp20260401144644/Apple-MacBook-Air-13-2-To-D-32-Go-RAM-Puce-M4-CPU-10-coeurs-GPU-10-coeurs-Lumiere-Stellaire.jpg,2599
"Apple MacBook Air 15"" 2 To SSD 24 Go RAM Puce M4 CPU 10 cœurs GPU 10 cœurs Minuit",https://static.fnac-static.com/multimedia/Images/FR/MDM/77/94/a3/27497591/1505-1/tsp20260313143834/Apple-MacBook-Air-15-2-To-D-24-Go-RAM-Puce-M4-CPU-10-coeurs-GPU-10-coeurs-Minuit.jpg,2649
"Apple MacBook Air 15"" 512 Go SSD 32 Go RAM Puce M4 CPU 10 cœurs GPU 10 cœurs Bleu Ciel",https://static.fnac-static.com/multimedia/Images/FR/MDM/9c/94/a3/27497628/1505-1/tsp20260313143834/Apple-MacBook-Air-15-512-Go-D-32-Go-RAM-Puce-M4-CPU-10-coeurs-GPU-10-coeurs-Bleu-Ciel.jpg,2149
"Apple iPad Air 11"" Puce M3 1 To Wifi 7ème génération 2025 Mauve",https://static.fnac-static.com/multimedia/Images/FR/MDM/f7/91/6b/23826935/1505-1/tsp20260305085527/Apple-iPad-Air-11-Puce-M3-1-To-Wifi-7eme-generation-2025-Mauve.jpg,1239.99
"Apple iPad Mini 8,3'' 128 Go Mauve 5G 7ème génération 2024",https://static.fnac-static.com/multimedia/Images/FR/MDM/19/92/6b/23826969/1505-1/tsp20260519120557/Apple-iPad-Mini-8-3-128-Go-Mauve-5G-7eme-generation-2024.jpg,729.99
"Apple iPad Pro 11"" Puce Apple M2 1To Argent Wifi Cellular Fin 2022",https://static.fnac-static.com/multimedia/Images/FR/MDM/69/4f/13/18042729/1505-1/tsp20260403081801/Apple-iPad-Pro-11-Puce-Apple-M2-1To-Argent-Wifi-Cellular-Fin-2022.jpg,2110
"Apple iPad Pro 11"" Puce Apple M4 1 To Noir Sidéral Wi-Fi Nano-texturé 7ème génération 2024",https://static.fnac-static.com/multimedia/Images/FR/MDM/b4/4f/13/18042804/1505-1/tsp20260218200307/Apple-iPad-Pro-11-Puce-Apple-M4-1-To-Noir-Sideral-Wi-Fi-Nano-texture-7eme-generation-2024.jpg,2079.99
Adaptateur USBC vers Apple Pencil,https://static.fnac-static.com/multimedia/Images/FR/MDM/f0/7d/3b/20676080/1505-1/tsp20260515143814/Adaptateur-USBC-vers-Apple-Pencil.jpg,10.99
Apple Watch Series 11 GPS 46mm Boitier en Aluminium Argent avec Bracelet Sport Brume Violette - S/M,https://static.fnac-static.com/multimedia/Images/FR/MDM/a8/78/b6/28735656/1505-1/tsp20260615145133/Apple-Watch-Series-11-GPS-46mm-Boitier-en-Aluminium-Argent-avec-Bracelet-Sport-Brume-Violette-S-M.jpg,479.99
Apple Watch Series 11 GPS 46mm Boitier en Aluminium Argent avec Bracelet Sport Brume Violette - M/L,https://static.fnac-static.com/multimedia/Images/FR/MDM/43/78/b6/28735555/1505-1/tsp20260615145133/Apple-Watch-Series-11-GPS-46mm-Boitier-en-Aluminium-Argent-avec-Bracelet-Sport-Brume-Violette-M-L.jpg,479.99
Apple Watch Ultra 3 GPS + Cellular 49mm Boitier en Titane Noir avec Bracelet Milanais en titane noir Medium,https://static.fnac-static.com/multimedia/Images/FR/MDM/4e/78/b6/28735566/1505-1/tsp20260522090207/Apple-Watch-Ultra-3-GPS-Cellular-49mm-Boitier-en-Titane-Noir-avec-Bracelet-Milanais-en-titane-noir-Medium.jpg,999.99
Apple Watch Series 11 GPS + Cellular 46mm Boitier en Aluminium Argent avec Bracelet Sport Brume Violette M/L,https://static.fnac-static.com/multimedia/Images/FR/MDM/85/78/b6/28735621/1505-1/tsp20260522090207/Apple-Watch-Series-11-GPS-Cellular-46mm-Boitier-en-Aluminium-Argent-avec-Bracelet-Sport-Brume-Violette-M-L.jpg,599.99
Apple Watch Series 11 GPS + Cellular 46mm Boitier en Titane Naturel avec Bracelet Milanais Naturel M/L,https://static.fnac-static.com/multimedia/Images/FR/MDM/9f/78/b6/28735647/1505-1/tsp20260522090207/Apple-Watch-Series-11-GPS-Cellular-46mm-Boitier-en-Titane-Naturel-avec-Bracelet-Milanais-Naturel-M-L.jpg,899.99
Apple Watch Series 11 GPS 46mm Boitier en Aluminium Gris Sidéral avec Bracelet Sport Noir - M/L,https://static.fnac-static.com/multimedia/Images/FR/MDM/8f/78/b6/28735631/1505-1/tsp20260615145133/Apple-Watch-Series-11-GPS-46mm-Boitier-en-Aluminium-Gris-Sideral-avec-Bracelet-Sport-Noir-M-L.jpg,479.99
"Apple iPad Air 11"" Puce Apple M2 1 To Gris sidéral Wifi 6 ème génération 2024",https://static.fnac-static.com/multimedia/Images/FR/MDM/66/70/52/22179942/1505-1/tsp20260415083826/Apple-iPad-Air-11-Puce-Apple-M2-1-To-Gris-sideral-Wifi-6-eme-generation-2024.jpg,1349.99
"Apple iPad Air 11"" Puce Apple M2 1 To Lumière Stellaire Wifi 6 ème génération 2024",https://static.fnac-static.com/multimedia/Images/FR/MDM/67/70/52/22179943/1505-1/tsp20260415083826/Apple-iPad-Air-11-Puce-Apple-M2-1-To-Lumiere-Stellaire-Wifi-6-eme-generation-2024.jpg,1349.99
"Apple iPad Air 11"" Puce M3 512 Go 5G 7ème génération 2025 Bleu",https://static.fnac-static.com/multimedia/Images/FR/MDM/4a/92/6b/23827018/1505-1/tsp20260305085527/Apple-iPad-Air-11-Puce-M3-512-Go-5G-7eme-generation-2025-Bleu.jpg,1159.99
"Etui Apple Smart Folio pour iPad Air 11"" (M2) Anthracite",https://static.fnac-static.com/multimedia/Images/FR/MDM/83/c2/6a/23773827/1505-1/tsp20260304143829/Etui-Apple-Smart-Folio-pour-iPad-Air-11-M2-Anthracite.jpg,89.99
"Apple iPad Air 13"" Puce M3 512 Go Wifi 7ème génération 2025 Mauve",https://static.fnac-static.com/multimedia/Images/FR/MDM/7d/b3/a8/27833213/1505-1/tsp20260305090043/Apple-iPad-Air-13-Puce-M3-512-Go-Wifi-7eme-generation-2025-Mauve.jpg,1189.99
"Apple iPad Pro 11"" Puce Apple M5 256 Go Argent Wi-Fi 8ème génération 2025",https://static.fnac-static.com/multimedia/Images/FR/MDM/73/70/52/22179955/1505-1/tsp20260519115833/Apple-iPad-Pro-11-Puce-Apple-M5-256-Go-Argent-Wi-Fi-8eme-generation-2025.jpg,1119.99
"Apple iPad Pro 11"" Puce Apple M5 2 To Noir Sidéral Wi-Fi Nano-texturé 8ème génération 2025",https://static.fnac-static.com/multimedia/Images/FR/MDM/04/92/6b/23826948/1505-1/tsp20260524104944/Apple-iPad-Pro-11-Puce-Apple-M5-2-To-Noir-Sideral-Wi-Fi-Nano-texture-8eme-generation-2025.jpg,2459.99
"Apple iPad Pro 13"" Puce Apple M5 512 Go Noir Sidéral Wi-Fi 8ème génération 2025",https://static.fnac-static.com/multimedia/Images/FR/MDM/10/92/6b/23826960/1505-1/tsp20260519120557/Apple-iPad-Pro-13-Puce-Apple-M5-512-Go-Noir-Sideral-Wi-Fi-8eme-generation-2025.jpg,1719.99
Apple MacBook Pro 14'' 1 To SSD 16 Go RAM Puce M5 CPU 10 Coeurs GPU 10 Coeurs Argent,https://static.fnac-static.com/multimedia/Images/FR/MDM/2d/b2/a8/27832877/1505-1/tsp20260410084542/Apple-MacBook-Pro-14-1-To-D-16-Go-RAM-Puce-M5-CPU-10-Coeurs-GPU-10-Coeurs-Argent.jpg,1899
"Clavier Apple Magic Keyboard pour iPad Pro 13"" (M4) Noir",https://static.fnac-static.com/multimedia/Images/FR/MDM/b1/5f/c1/12672945/1505-1/tsp20260510031416/Clavier-Apple-Magic-Keyboard-pour-iPad-Pro-13-M4-Noir.jpg,399.99
"Apple iPad 11"" A16 256 Go Jaune Wifi 2025",https://static.fnac-static.com/multimedia/Images/FR/MDM/6e/22/fd/16589422/1505-1/tsp20260616101347/Apple-iPad-11-A16-256-Go-Jaune-Wifi-2025.jpg,519.99
Apple Watch Series 11 GPS 46mm Boitier en Aluminium Or Rose avec Bracelet Sport Rose Tendre S/M,https://static.fnac-static.com/multimedia/Images/FR/MDM/8e/78/b6/28735630/1505-1/tsp20260615145133/Apple-Watch-Series-11-GPS-46mm-Boitier-en-Aluminium-Or-Rose-avec-Bracelet-Sport-Rose-Tendre-S-M.jpg,479.99
"Apple iPad Pro 11"" Puce Apple M5 1 To Noir Sidéral Wi-Fi Nano-texturé 8ème génération 2025",https://static.fnac-static.com/multimedia/Images/FR/MDM/5b/92/6b/23827035/1505-1/tsp20260519120557/Apple-iPad-Pro-11-Puce-Apple-M5-1-To-Noir-Sideral-Wi-Fi-Nano-texture-8eme-generation-2025.jpg,1979.99
Apple Watch Ultra 3 GPS + Cellular 49mm Boitier en Titane Noir avec Boucle Trail noir/charbon S/M,https://static.fnac-static.com/multimedia/Images/FR/MDM/98/78/b6/28735640/1505-1/tsp20260522090207/Apple-Watch-Ultra-3-GPS-Cellular-49mm-Boitier-en-Titane-Noir-avec-Boucle-Trail-noir-charbon-S-M.jpg,899.99
Apple Watch Series 11 GPS + Cellular 42mm Boitier en Titane Ardoise avec Bracelet Sport Noir S/M,https://static.fnac-static.com/multimedia/Images/FR/MDM/3f/78/b6/28735551/1505-1/tsp20260522090207/Apple-Watch-Series-11-GPS-Cellular-42mm-Boitier-en-Titane-Ardoise-avec-Bracelet-Sport-Noir-S-M.jpg,799.99
"Clavier Apple Magic Keyboard pour iPad Pro 11"" (M4) Noir",https://static.fnac-static.com/multimedia/Images/FR/MDM/9f/5f/c1/12672927/1505-1/tsp20260510031416/Clavier-Apple-Magic-Keyboard-pour-iPad-Pro-11-M4-Noir.jpg,349.99
"Apple iPad Pro 11"" Puce Apple M5 2 To Argent Wi-Fi 8ème génération 2025",https://static.fnac-static.com/multimedia/Images/FR/MDM/03/92/6b/23826947/1505-1/tsp20260524104944/Apple-iPad-Pro-11-Puce-Apple-M5-2-To-Argent-Wi-Fi-8eme-generation-2025.jpg,2329.99
Apple Adaptateur secteur USB C 96 W,https://static.fnac-static.com/multimedia/Images/FR/MDM/ed/92/d0/13669101/1505-1/tsp20260601130945/Apple-Adaptateur-secteur-USB-C-96-W.jpg,85.99
"Apple iPad Pro 11"" Puce Apple M5 2 To Noir Sidéral Wi-Fi 8ème génération 2025",https://static.fnac-static.com/multimedia/Images/FR/MDM/4f/92/6b/23827023/1505-1/tsp20260519120557/Apple-iPad-Pro-11-Puce-Apple-M5-2-To-Noir-Sideral-Wi-Fi-8eme-generation-2025.jpg,2329.99
"Apple iMac 24"" écran retina Verre nano-texturé 4,5K 256Go 16Go RAM Puce M4 CPU 10 coeur GPU 10 cœurs Argent",https://static.fnac-static.com/multimedia/Images/FR/MDM/ac/4e/13/18042540/1505-1/tsp20260217032553/Apple-iMac-24-ecran-retina-Verre-nano-texture-4-5K-256Go-16Go-RAM-Puce-M4-CPU-10-coeur-GPU-10-coeurs-Argent.jpg,1999
Apple Watch SE 3 GPS 44mm Boitier en Aluminium Lumiere Stellaire avec Bracelet Sport Lumiere Stellaire M/L,https://static.fnac-static.com/multimedia/Images/FR/MDM/2a/86/b6/28739114/1505-1/tsp20260615145758/Apple-Watch-SE-3-GPS-44mm-Boitier-en-Aluminium-Lumiere-Stellaire-avec-Bracelet-Sport-Lumiere-Stellaire-M-L.jpg,299.99
Apple Watch SE 3 GPS 40mm Boitier en Aluminium Minuit avec Bracelet Sport Minuit S/M,https://static.fnac-static.com/multimedia/Images/FR/MDM/bc/85/b6/28739004/1505-1/tsp20260615145758/Apple-Watch-SE-3-GPS-40mm-Boitier-en-Aluminium-Minuit-avec-Bracelet-Sport-Minuit-S-M.jpg,269.99
"Apple iPad 11"" A16 256 Go Bleu Wifi 2025",https://static.fnac-static.com/multimedia/Images/FR/MDM/3e/22/fd/16589374/1505-1/tsp20260616101347/Apple-iPad-11-A16-256-Go-Bleu-Wifi-2025.jpg,519.99
Adaptateur secteur double port USB type C 35 Watts Apple Blanc,https://static.fnac-static.com/multimedia/Images/23/02/83/12/19410979-1505-1505-1/tsp20260601113925/Adaptateur-secteur-double-port-USB-type-C-35-Watts-Apple-Blanc.jpg,65.99
Apple Watch SE 3 GPS 44mm Boitier en Aluminium Lumiere Stellaire avec Bracelet Sport Lumiere Stellaire S/M,https://static.fnac-static.com/multimedia/Images/FR/MDM/9f/85/b6/28738975/1505-1/tsp20260615145133/Apple-Watch-SE-3-GPS-44mm-Boitier-en-Aluminium-Lumiere-Stellaire-avec-Bracelet-Sport-Lumiere-Stellaire-S-M.jpg,299
"Apple iPad Pro 11"" Puce Apple M5 256 Go Noir Sidéral Wi-Fi 8ème génération 2025",https://static.fnac-static.com/multimedia/Images/FR/MDM/63/70/52/22179939/1505-1/tsp20260519115833/Apple-iPad-Pro-11-Puce-Apple-M5-256-Go-Noir-Sideral-Wi-Fi-8eme-generation-2025.jpg,1119.99
"Apple iPad Pro 13"" Puce Apple M5 256 Go Noir Sidéral Wi-Fi 8ème génération 2025",https://static.fnac-static.com/multimedia/Images/FR/MDM/5c/92/6b/23827036/1505-1/tsp20260519120557/Apple-iPad-Pro-13-Puce-Apple-M5-256-Go-Noir-Sideral-Wi-Fi-8eme-generation-2025.jpg,1469.99
"Apple iPad Pro 13"" Puce Apple M5 256 Go Argent Wi-Fi 8ème génération 2025",https://static.fnac-static.com/multimedia/Images/FR/MDM/52/92/6b/23827026/1505-1/tsp20260519120557/Apple-iPad-Pro-13-Puce-Apple-M5-256-Go-Argent-Wi-Fi-8eme-generation-2025.jpg,1469.99
Clavier sans fil Azerty Apple Magic Keyboard avec Touch ID Blanc,https://static.fnac-static.com/multimedia/Images/FR/MDM/f0/09/a4/27527664/1505-1/tsp20260429144151/Clavier-sans-fil-Azerty-Apple-Magic-Keyboard-avec-Touch-ID-Blanc.jpg,169
Adaptateur secteur Apple USB‑C 30 Watts Blanc,https://static.fnac-static.com/multimedia/Images/FR/MDM/d1/53/eb/15422417/1505-1/tsp20260601113925/Adaptateur-secteur-Apple-USB-C-30-Watts-Blanc.jpg,45.99
"Apple iPad Pro 11"" Puce Apple M5 1 To Argent Wi-Fi Nano-texturé 8ème génération 2025",https://static.fnac-static.com/multimedia/Images/FR/MDM/0f/92/6b/23826959/1505-1/tsp20260519120557/Apple-iPad-Pro-11-Puce-Apple-M5-1-To-Argent-Wi-Fi-Nano-texture-8eme-generation-2025.jpg,1979.99
"Apple MacBook Air 15"" 256 Go SSD 16 Go RAM Puce Apple M3 CPU 8 cœurs GPU 10 cœurs Gris sidéral 2024 Reconditionné",https://static.fnac-static.com/multimedia/Images/FR/MDM/69/91/ba/29004137/1505-1/tsp20260220031329/Apple-MacBook-Air-15-256-Go-D-16-Go-RAM-Puce-Apple-M3-CPU-8-coeurs-GPU-10-coeurs-Gris-sideral-2024-Reconditionne.jpg,1049.0
"Clavier Apple Magic Keyboard Qwerty Blanc pour iPad Air 11"" (M3)",https://static.fnac-static.com/multimedia/Images/FR/MDM/94/5f/c1/12672916/1505-1/tsp20260510031416/Clavier-Apple-Magic-Keyboard-Qwerty-Blanc-pour-iPad-Air-11-M3.jpg,329.99
"Apple iPad Air 11"" Puce M3 1 To 5G 7ème génération 2025 Gris sidéral",https://static.fnac-static.com/multimedia/Images/FR/MDM/4c/92/6b/23827020/1505-1/tsp20260305085527/Apple-iPad-Air-11-Puce-M3-1-To-5G-7eme-generation-2025-Gris-sideral.jpg,1409.99
"Apple iPad Air 11"" Puce M3 512 Go 5G 7ème génération 2025 Mauve",https://static.fnac-static.com/multimedia/Images/FR/MDM/3d/92/6b/23827005/1505-1/tsp20260519120557/Apple-iPad-Air-11-Puce-M3-512-Go-5G-7eme-generation-2025-Mauve.jpg,1159.99
Apple Watch Series 11 GPS 42mm Boitier en Aluminium Or Rose avec Bracelet Sport Rose Tendre S/M,https://static.fnac-static.com/multimedia/Images/FR/MDM/5d/78/b6/28735581/1505-1/tsp20260615145133/Apple-Watch-Series-11-GPS-42mm-Boitier-en-Aluminium-Or-Rose-avec-Bracelet-Sport-Rose-Tendre-S-M.jpg,449.99
"Apple iPad Mini 8,3'' 512 Go Gris sidéral 5G 7ème génération 2024",https://static.fnac-static.com/multimedia/Images/FR/MDM/94/92/6b/23827092/1505-1/tsp20260519120557/Apple-iPad-Mini-8-3-512-Go-Gris-sideral-5G-7eme-generation-2024.jpg,1109.99
"Apple iPad Mini 8,3'' 256 Go Mauve 5G 7ème génération 2024",https://static.fnac-static.com/multimedia/Images/FR/MDM/70/92/6b/23827056/1505-1/tsp20260524104944/Apple-iPad-Mini-8-3-256-Go-Mauve-5G-7eme-generation-2024.jpg,859.99
Apple Watch Series 9 41 mm Argent Reconditionné,https://static.fnac-static.com/multimedia/Images/FR/MDM/d2/6b/b3/28535762/1505-1/tsp20250917184832/Apple-Watch-Series-9-41-mm-Argent-Reconditionne.jpg,459
"Apple MacBook Air 15"" 256 Go SSD 16 Go RAM Puce Apple M3 CPU 8 cœurs GPU 10 cœurs Lumière Stellaire 2024 Reconditionné",https://static.fnac-static.com/multimedia/Images/FR/MDM/6c/91/ba/29004140/1505-1/tsp20260220031329/Apple-MacBook-Air-15-256-Go-D-16-Go-RAM-Puce-Apple-M3-CPU-8-coeurs-GPU-10-coeurs-Lumiere-Stellaire-2024-Reconditionne.jpg,1049.0
"Apple iPad Pro 13"" Puce Apple M5 512 Go Argent Wi-Fi 8ème génération 2025",https://static.fnac-static.com/multimedia/Images/FR/MDM/5d/92/6b/23827037/1505-1/tsp20260519120557/Apple-iPad-Pro-13-Puce-Apple-M5-512-Go-Argent-Wi-Fi-8eme-generation-2025.jpg,1719.99
Etui Apple Smart Folio Pastèque pour iPad (A16),https://static.fnac-static.com/multimedia/Images/FR/MDM/39/72/03/17003065/1505-1/tsp20251119220810/Etui-Apple-Smart-Folio-Pasteque-pour-iPad-A16.jpg,89.99
"Etui Apple Smart Folio pour iPad Pro 13"" (M4) Denim",https://static.fnac-static.com/multimedia/Images/FR/MDM/33/72/03/17003059/1505-1/tsp20251217120047/Etui-Apple-Smart-Folio-pour-iPad-Pro-13-M4-Denim.jpg,119.99
"Apple iPad Air 11"" Puce M3 512 Go 5G 7ème génération 2025 Gris sidéral",https://static.fnac-static.com/multimedia/Images/FR/MDM/fc/91/6b/23826940/1505-1/tsp20260305085527/Apple-iPad-Air-11-Puce-M3-512-Go-5G-7eme-generation-2025-Gris-sideral.jpg,1159.99
"Apple iPad Pro 13"" Puce Apple M5 2 To Noir Sidéral Wi-Fi 8ème génération 2025",https://static.fnac-static.com/multimedia/Images/FR/MDM/5f/92/6b/23827039/1505-1/tsp20260519120557/Apple-iPad-Pro-13-Puce-Apple-M5-2-To-Noir-Sideral-Wi-Fi-8eme-generation-2025.jpg,2679.99
"Apple iPad Pro 13"" Puce Apple M5 2 To Argent Wi-Fi 8ème génération 2025",https://static.fnac-static.com/multimedia/Images/FR/MDM/60/92/6b/23827040/1505-1/tsp20260524104944/Apple-iPad-Pro-13-Puce-Apple-M5-2-To-Argent-Wi-Fi-8eme-generation-2025.jpg,2679.99
Etui Apple Smart Folio Ciel pour iPad (A16),https://static.fnac-static.com/multimedia/Images/FR/MDM/3a/72/03/17003066/1505-1/tsp20251217120047/Etui-Apple-Smart-Folio-Ciel-pour-iPad-A16.jpg,89.99
"Apple iPad Pro 13"" Puce Apple M5 2 To Argent Wi-Fi Nano-texturé 8ème génération 2025",https://static.fnac-static.com/multimedia/Images/FR/MDM/08/92/6b/23826952/1505-1/tsp20260524104944/Apple-iPad-Pro-13-Puce-Apple-M5-2-To-Argent-Wi-Fi-Nano-texture-8eme-generation-2025.jpg,2809.99
"Apple iPad Pro 11"" Puce Apple M5 1 To Argent Wi-Fi 8ème génération 2025",https://static.fnac-static.com/multimedia/Images/FR/MDM/02/92/6b/23826946/1505-1/tsp20260519120557/Apple-iPad-Pro-11-Puce-Apple-M5-1-To-Argent-Wi-Fi-8eme-generation-2025.jpg,1849.99
Apple Watch Series 11 GPS + Cellular 46mm Boitier en Titane Or avec Bracelet Sport Rose Tendre M/L,https://static.fnac-static.com/multimedia/Images/FR/MDM/80/78/b6/28735616/1505-1/tsp20260522090207/Apple-Watch-Series-11-GPS-Cellular-46mm-Boitier-en-Titane-Or-avec-Bracelet-Sport-Rose-Tendre-M-L.jpg,849.99
"Apple iPad Pro 11"" Puce Apple M5 2 To Noir Sidéral 5G Nano-texturé 8ème génération 2025",https://static.fnac-static.com/multimedia/Images/FR/MDM/59/92/6b/23827033/1505-1/tsp20260519120557/Apple-iPad-Pro-11-Puce-Apple-M5-2-To-Noir-Sideral-5G-Nano-texture-8eme-generation-2025.jpg,2709.99
"Apple iPad Pro 11"" Puce Apple M5 2 To Argent 5G 8ème génération 2025",https://static.fnac-static.com/multimedia/Images/FR/MDM/17/92/6b/23826967/1505-1/tsp20260618090014/Apple-iPad-Pro-11-Puce-Apple-M5-2-To-Argent-5G-8eme-generation-2025.jpg,2579.99
"Apple iPad Pro 11"" Puce Apple M5 2 To Noir Sidéral 5G 8ème génération 2025",https://static.fnac-static.com/multimedia/Images/FR/MDM/58/92/6b/23827032/1505-1/tsp20260524104944/Apple-iPad-Pro-11-Puce-Apple-M5-2-To-Noir-Sideral-5G-8eme-generation-2025.jpg,2579.99
"Apple iPad Pro 11"" Puce Apple M5 1 To Argent 5G 8ème génération 2025",https://static.fnac-static.com/multimedia/Images/FR/MDM/62/92/6b/23827042/1505-1/tsp20260519120557/Apple-iPad-Pro-11-Puce-Apple-M5-1-To-Argent-5G-8eme-generation-2025.jpg,2099.99
"Apple iPad Pro 11"" Puce Apple M5 1 To Argent 5G Nano-texturé 8ème génération 2025",https://static.fnac-static.com/multimedia/Images/FR/MDM/63/92/6b/23827043/1505-1/tsp20260519120557/Apple-iPad-Pro-11-Puce-Apple-M5-1-To-Argent-5G-Nano-texture-8eme-generation-2025.jpg,2229.99
"Apple iPad Pro 11"" Puce Apple M5 2 To Argent 5G Nano-texturé 8ème génération 2025",https://static.fnac-static.com/multimedia/Images/FR/MDM/9d/b3/a8/27833245/1505-1/tsp20260524104944/Apple-iPad-Pro-11-Puce-Apple-M5-2-To-Argent-5G-Nano-texture-8eme-generation-2025.jpg,2709.99
"Apple MacBook Pro 14"" 2 To SSD 24 Go RAM Puce M5 CPU 10 cœurs GPU 10 cœurs Noir sidéral",https://static.fnac-static.com/multimedia/Images/FR/MDM/49/b2/a8/27832905/1505-1/tsp20260418093327/Apple-MacBook-Pro-14-2-To-D-24-Go-RAM-Puce-M5-CPU-10-coeurs-GPU-10-coeurs-Noir-sideral.jpg,2649
Bracelet Océan noir Apple 49 mm Finition titane noir,https://static.fnac-static.com/multimedia/Images/FR/MDM/8d/0c/a2/27397261/1505-1.jpg,99.99
"Apple iPad 11"" A16 256 Go Rose Wifi 2025",https://static.fnac-static.com/multimedia/Images/FR/MDM/1b/22/fd/16589339/1505-1/tsp20260616101347/Apple-iPad-11-A16-256-Go-Rose-Wifi-2025.jpg,519.99
"Apple iPad Mini 8,3'' 128 Go Lumière stellaire 5G 7ème génération 2024",https://static.fnac-static.com/multimedia/Images/FR/MDM/66/92/6b/23827046/1505-1/tsp20260519120557/Apple-iPad-Mini-8-3-128-Go-Lumiere-stellaire-5G-7eme-generation-2024.jpg,729.99
"Apple iPad Mini 8,3'' 256 Go Gris sidéral 5G 7ème génération 2024",https://static.fnac-static.com/multimedia/Images/FR/MDM/1b/92/6b/23826971/1505-1/tsp20260519120557/Apple-iPad-Mini-8-3-256-Go-Gris-sideral-5G-7eme-generation-2024.jpg,859.99
"Apple iPad Mini 8,3'' 128 Go Bleu Wifi 7ème génération 2024",https://static.fnac-static.com/multimedia/Images/FR/MDM/18/92/6b/23826968/1505-1/tsp20260519120557/Apple-iPad-Mini-8-3-128-Go-Bleu-Wifi-7eme-generation-2024.jpg,559.99
"Apple MacBook Pro 14"" 2 To SSD 24 Go RAM Puce M5 CPU 10 cœurs GPU 10 cœurs Argent",https://static.fnac-static.com/multimedia/Images/FR/MDM/2b/b2/a8/27832875/1505-1/tsp20260418093327/Apple-MacBook-Pro-14-2-To-D-24-Go-RAM-Puce-M5-CPU-10-coeurs-GPU-10-coeurs-Argent.jpg,2649
"Apple iPad Air 11"" Puce M3 1 To Wifi 7ème génération 2025 Bleu",https://static.fnac-static.com/multimedia/Images/FR/MDM/41/92/6b/23827009/1505-1/tsp20260305085527/Apple-iPad-Air-11-Puce-M3-1-To-Wifi-7eme-generation-2025-Bleu.jpg,1239.99
"Apple iPad Pro 11"" Puce Apple M5 1 To Noir Sidéral Wi-Fi 8ème génération 2025",https://static.fnac-static.com/multimedia/Images/FR/MDM/01/92/6b/23826945/1505-1/tsp20260519115833/Apple-iPad-Pro-11-Puce-Apple-M5-1-To-Noir-Sideral-Wi-Fi-8eme-generation-2025.jpg,1849.99
"Apple iPad 11"" A16 512 Go Rose Wifi 2025",https://static.fnac-static.com/multimedia/Images/FR/MDM/1d/22/fd/16589341/1505-1/tsp20260616101347/Apple-iPad-11-A16-512-Go-Rose-Wifi-2025.jpg,769.99
"Apple iPad Pro 11"" Puce Apple M5 2 To Argent Wi-Fi Nano-texturé 8ème génération 2025",https://static.fnac-static.com/multimedia/Images/FR/MDM/51/92/6b/23827025/1505-1/tsp20260524104944/Apple-iPad-Pro-11-Puce-Apple-M5-2-To-Argent-Wi-Fi-Nano-texture-8eme-generation-2025.jpg,2459.99
"Clavier Apple Magic Keyboard Azerty Blanc pour iPad Air 13"" (M3)",https://static.fnac-static.com/multimedia/Images/FR/MDM/a8/5f/c1/12672936/1505-1/tsp20260510031416/Clavier-Apple-Magic-Keyboard-Azerty-Blanc-pour-iPad-Air-13-M3.jpg,349.99
"Clavier Apple Magic Keyboard Azerty Blanc pour iPad Air 11"" (M3)",https://static.fnac-static.com/multimedia/Images/FR/MDM/a7/5f/c1/12672935/1505-1/tsp20260510031416/Clavier-Apple-Magic-Keyboard-Azerty-Blanc-pour-iPad-Air-11-M3.jpg,329.99
"Etui Apple Smart Folio pour iPad Air 11"" (M2) Denim",https://static.fnac-static.com/multimedia/Images/FR/MDM/21/72/03/17003041/1505-1/tsp20260304143829/Etui-Apple-Smart-Folio-pour-iPad-Air-11-M2-Denim.jpg,89.99
"Apple iPad Pro 11"" Puce Apple M5 512 Go Argent Wi-Fi 8ème génération 2025",https://static.fnac-static.com/multimedia/Images/FR/MDM/5a/92/6b/23827034/1505-1/tsp20251216080712/Apple-iPad-Pro-11-Puce-Apple-M5-512-Go-Argent-Wi-Fi-8eme-generation-2025.jpg,1369.99
"Apple MacBook Pro 14"" 1 To SSD 16 Go RAM Puce M4 CPU 10 Cœurs GPU 10 Cœurs Noir sidéral Ecran Nano texturé",https://static.fnac-static.com/multimedia/Images/FR/MDM/9e/92/6b/23827102/1505-1/tsp20260604190853/Apple-MacBook-Pro-14-1-To-D-16-Go-RAM-Puce-M4-CPU-10-Coeurs-GPU-10-Coeurs-Noir-sideral-Ecran-Nano-texture.jpg,1839
"Apple iPad Mini 8,3'' 256 Go Gris Sidéral Wifi 7ème génération 2024",https://static.fnac-static.com/multimedia/Images/FR/MDM/1a/92/6b/23826970/1505-1/tsp20260519120557/Apple-iPad-Mini-8-3-256-Go-Gris-Sideral-Wifi-7eme-generation-2024.jpg,689.99
Apple Watch Series 11 GPS 46mm Boitier en Aluminium Or Rose avec Bracelet Sport Rose Tendre M/L,https://static.fnac-static.com/multimedia/Images/FR/MDM/5a/78/b6/28735578/1505-1/tsp20260615145133/Apple-Watch-Series-11-GPS-46mm-Boitier-en-Aluminium-Or-Rose-avec-Bracelet-Sport-Rose-Tendre-M-L.jpg,479.99
"Etui Apple Smart Folio pour iPad Pro 13"" (M4) Noir",https://static.fnac-static.com/multimedia/Images/FR/MDM/2c/72/03/17003052/1505-1/tsp20251217120047/Etui-Apple-Smart-Folio-pour-iPad-Pro-13-M4-Noir.jpg,119.99
Etui Apple Smart Folio pour iPad mini (A17 Pro) Violet clair,https://static.fnac-static.com/multimedia/Images/FR/MDM/55/72/03/17003093/1505-1/tsp20260323173347/Etui-Apple-Smart-Folio-pour-iPad-mini-A17-Pro-Violet-clair.jpg,69.99
Apple Watch Series 11 GPS + Cellular 46mm Boitier en Titane Ardoise avec Bracelet Sport Noir M/L,https://static.fnac-static.com/multimedia/Images/FR/MDM/37/78/b6/28735543/1505-1/tsp20260522090207/Apple-Watch-Series-11-GPS-Cellular-46mm-Boitier-en-Titane-Ardoise-avec-Bracelet-Sport-Noir-M-L.jpg,849.99
"Apple iPad Air 11"" Puce Apple M2 128 Go Lumière Stellaire 5G 6 ème génération 2024",https://static.fnac-static.com/multimedia/Images/FR/MDM/6f/70/52/22179951/1505-1/tsp20260415083826/Apple-iPad-Air-11-Puce-Apple-M2-128-Go-Lumiere-Stellaire-5G-6-eme-generation-2024.jpg,889.99
"Apple iPad Air 11"" Puce Apple M2 1 To Mauve Wifi 6 ème génération 2024",https://static.fnac-static.com/multimedia/Images/FR/MDM/77/70/52/22179959/1505-1/tsp20260415083826/Apple-iPad-Air-11-Puce-Apple-M2-1-To-Mauve-Wifi-6-eme-generation-2024.jpg,1349.99
"Etui Apple Smart Folio pour iPad Air 13"" (M2) Denim",https://static.fnac-static.com/multimedia/Images/FR/MDM/7a/c2/6a/23773818/1505-1/tsp20260304143829/Etui-Apple-Smart-Folio-pour-iPad-Air-13-M2-Denim.jpg,119.99
"Etui Apple Smart Folio pour iPad Air 13"" (M2) Anthracite",https://static.fnac-static.com/multimedia/Images/FR/MDM/86/c2/6a/23773830/1505-1/tsp20260304143829/Etui-Apple-Smart-Folio-pour-iPad-Air-13-M2-Anthracite.jpg,119.99
"Apple iPad Pro 11"" Puce Apple M2 2To Argent Wifi Fin 2022",https://static.fnac-static.com/multimedia/Images/FR/MDM/a3/4f/13/18042787/1505-1/tsp20260414113538/Apple-iPad-Pro-11-Puce-Apple-M2-2To-Argent-Wifi-Fin-2022.jpg,2390
"Apple iPad 11"" A16 128 Go Bleu Wifi 2025",https://static.fnac-static.com/multimedia/Images/FR/MDM/6a/22/fd/16589418/1505-1/tsp20260616101347/Apple-iPad-11-A16-128-Go-Bleu-Wifi-2025.jpg,389.99
"Apple iPad 11"" A16 128 Go Argent Wifi 2025",https://static.fnac-static.com/multimedia/Images/FR/MDM/3a/22/fd/16589370/1505-1/tsp20260616101347/Apple-iPad-11-A16-128-Go-Argent-Wifi-2025.jpg,389.99
"Apple iPad Air 11"" Puce M3 512 Go 5G 7ème génération 2025 Lumière Stellaire",https://static.fnac-static.com/multimedia/Images/FR/MDM/4b/92/6b/23827019/1505-1/tsp20260305085527/Apple-iPad-Air-11-Puce-M3-512-Go-5G-7eme-generation-2025-Lumiere-Stellaire.jpg,1159.99
Boucle Sport Nike Apple 46 mm Noir nuit pour Watch,https://static.fnac-static.com/multimedia/Images/FR/MDM/d6/83/b7/28804054/1505-1.jpg,49.99
"Apple iPad Air 13"" Puce Apple M2 512 Go Bleu Wifi 6 ème génération 2024",https://static.fnac-static.com/multimedia/Images/FR/MDM/9c/4e/13/18042524/1505-1/tsp20260415083223/Apple-iPad-Air-13-Puce-Apple-M2-512-Go-Bleu-Wifi-6-eme-generation-2024.jpg,1349.99
"Apple iPad Air 13"" Puce Apple M2 512 Go Lumière Stellaire Wifi 6 ème génération 2024",https://static.fnac-static.com/multimedia/Images/FR/MDM/92/4e/13/18042514/1505-1/tsp20260415083223/Apple-iPad-Air-13-Puce-Apple-M2-512-Go-Lumiere-Stellaire-Wifi-6-eme-generation-2024.jpg,1349.99
"Apple iPad 11"" A16 512 Go Bleu Wifi 2025",https://static.fnac-static.com/multimedia/Images/FR/MDM/1c/22/fd/16589340/1505-1/tsp20260616101347/Apple-iPad-11-A16-512-Go-Bleu-Wifi-2025.jpg,769.99
"Apple iPad Mini 8,3'' 128 Go Mauve Wifi 7ème génération 2024",https://static.fnac-static.com/multimedia/Images/FR/MDM/12/92/6b/23826962/1505-1/tsp20260519120557/Apple-iPad-Mini-8-3-128-Go-Mauve-Wifi-7eme-generation-2024.jpg,559.99
"Apple iPad Mini 8,3'' 256 Go Lumière stellaire 5G 7ème génération 2024",https://static.fnac-static.com/multimedia/Images/FR/MDM/24/92/6b/23826980/1505-1/tsp20260524104944/Apple-iPad-Mini-8-3-256-Go-Lumiere-stellaire-5G-7eme-generation-2024.jpg,859.99
"Apple iPad Mini 8,3'' 128 Go Lumière Stellaire Wifi 7ème génération 2024",https://static.fnac-static.com/multimedia/Images/FR/MDM/65/92/6b/23827045/1505-1/tsp20260519120557/Apple-iPad-Mini-8-3-128-Go-Lumiere-Stellaire-Wifi-7eme-generation-2024.jpg,559.99
Etui Apple Smart Folio Blanc pour iPad (A16),https://static.fnac-static.com/multimedia/Images/FR/MDM/32/72/03/17003058/1505-1/tsp20251217120047/Etui-Apple-Smart-Folio-Blanc-pour-iPad-A16.jpg,89.99
"Apple iPad 11"" A16 512 Go Argent Wifi 2025",https://static.fnac-static.com/multimedia/Images/FR/MDM/4b/22/fd/16589387/1505-1/tsp20260616101347/Apple-iPad-11-A16-512-Go-Argent-Wifi-2025.jpg,769.99
"Apple iPad Mini 8,3'' 256 Go Bleu 5G 7ème génération 2024",https://static.fnac-static.com/multimedia/Images/FR/MDM/6d/92/6b/23827053/1505-1/tsp20260519120557/Apple-iPad-Mini-8-3-256-Go-Bleu-5G-7eme-generation-2024.jpg,859.99
"Apple MacBook Air 13"" 256 Go SSD 8 Go RAM Intel® Core™ i5 Gris sidéral 2019 Reconditionné",https://static.fnac-static.com/multimedia/Images/FR/MDM/79/35/be/29242745/1505-1/tsp20260331031217/Apple-MacBook-Air-13-256-Go-D-8-Go-RAM-Intel-Core-i5-Gris-sideral-2019-Reconditionne.jpg,419.0
"Apple MacBook Air 13"" 128 Go 8 Go RAM Intel® Core™ i5 Gris sidéral 2019 Reconditionné",https://static.fnac-static.com/multimedia/Images/FR/MDM/81/35/be/29242753/1505-1/tsp20260331031217/Apple-MacBook-Air-13-128-Go-8-Go-RAM-Intel-Core-i5-Gris-sideral-2019-Reconditionne.jpg,389.0
"Apple MacBook Pro 13"" 128 Go 8 Go RAM Intel® Core™ i5 Gris sidéral 2019 Reconditionné",https://static.fnac-static.com/multimedia/Images/FR/MDM/7a/35/be/29242746/1505-1/tsp20260331031217/Apple-MacBook-Pro-13-128-Go-8-Go-RAM-Intel-Core-i5-Gris-sideral-2019-Reconditionne.jpg,419.0
"Apple MacBook Air 13"" 256 Go SSD 8 Go RAM Intel® Core™ i5 Argent 2019 Reconditionné",https://static.fnac-static.com/multimedia/Images/FR/MDM/7f/35/be/29242751/1505-1/tsp20260331031217/Apple-MacBook-Air-13-256-Go-D-8-Go-RAM-Intel-Core-i5-Argent-2019-Reconditionne.jpg,429.0
Apple Watch SE 3 GPS + Cellular 44mm Boitier en Aluminium Lumiere Stellaire avec Bracelet Sport Lumiere Stellaire - M/L,https://static.fnac-static.com/multimedia/Images/FR/MDM/9e/85/b6/28738974/1505-1/tsp20260522090725/Apple-Watch-SE-3-GPS-Cellular-44mm-Boitier-en-Aluminium-Lumiere-Stellaire-avec-Bracelet-Sport-Lumiere-Stellaire-M-L.jpg,349.99
"Apple iPad Mini 8,3'' 128 Go Gris Sidéral Wifi 7ème génération 2024",https://static.fnac-static.com/multimedia/Images/FR/MDM/0e/92/6b/23826958/1505-1/tsp20260519120557/Apple-iPad-Mini-8-3-128-Go-Gris-Sideral-Wifi-7eme-generation-2024.jpg,559.99
"Apple iPad Air 13"" Puce M3 1 To Wifi 7ème génération 2025 Gris sidéral",https://static.fnac-static.com/multimedia/Images/FR/MDM/99/b3/a8/27833241/1505-1/tsp20260325090940/Apple-iPad-Air-13-Puce-M3-1-To-Wifi-7eme-generation-2025-Gris-sideral.jpg,1439.99
"Apple MacBook Air 13"" 256 Go SSD 16 Go RAM Puce M3 CPU 8 cœurs GPU 10 cœurs Minuit Adaptateur Secteur USB-C 70 W Nouveau",https://static.fnac-static.com/multimedia/Images/FR/MDM/b3/85/63/23299507/1505-1/tsp20260108092812/Apple-MacBook-Air-13-256-Go-D-16-Go-RAM-Puce-M3-CPU-8-coeurs-GPU-10-coeurs-Minuit-Adaptateur-Secteur-USB-C-70-W-Nouveau.jpg,1434
Apple Watch SE 3 GPS + Cellular 44mm Boitier en Aluminium Lumiere Stellaire avec Bracelet Sport Lumiere Stellaire - S/M,https://static.fnac-static.com/multimedia/Images/FR/MDM/43/86/b6/28739139/1505-1/tsp20260522090725/Apple-Watch-SE-3-GPS-Cellular-44mm-Boitier-en-Aluminium-Lumiere-Stellaire-avec-Bracelet-Sport-Lumiere-Stellaire-S-M.jpg,349.99
"Apple iPad Pro 11"" Puce Apple M5 512 Go Noir Sidéral Wi-Fi 8ème génération 2025",https://static.fnac-static.com/multimedia/Images/FR/MDM/00/92/6b/23826944/1505-1/tsp20260603172450/Apple-iPad-Pro-11-Puce-Apple-M5-512-Go-Noir-Sideral-Wi-Fi-8eme-generation-2025.jpg,1369.99
"Apple iPad 11"" A16 256 Go Rose 5G 2025",https://static.fnac-static.com/multimedia/Images/FR/MDM/21/22/fd/16589345/1505-1/tsp20260519115133/Apple-iPad-11-A16-256-Go-Rose-5G-2025.jpg,689.99
"Apple MacBook Air 13"" 1 To SSD 16 Go RAM Puce M5 CPU 10 cœurs GPU 10 cœurs Lumière stellaire",https://static.fnac-static.com/multimedia/Images/FR/MDM/2c/92/6b/23826988/1505-1/tsp20260317171459/Apple-MacBook-Air-13-1-To-D-16-Go-RAM-Puce-M5-CPU-10-coeurs-GPU-10-coeurs-Lumiere-stellaire.jpg,1449
"Apple MacBook Pro 16"" 2 To SSD 36 Go RAM Puce M5 Max CPU 18 cœurs GPU 32 cœurs Argent",https://static.fnac-static.com/multimedia/Images/FR/MDM/66/b2/a8/27832934/1505-1/tsp20260401103532/Apple-MacBook-Pro-16-2-To-D-36-Go-RAM-Puce-M5-Max-CPU-18-coeurs-GPU-32-coeurs-Argent.jpg,4499
"Apple MacBook Air 15"" 1 To SSD 24 Go RAM Puce M5 CPU 10 cœurs GPU 10 cœurs Lumière stellaire",https://static.fnac-static.com/multimedia/Images/FR/MDM/72/94/a3/27497586/1505-1/tsp20260321140556/Apple-MacBook-Air-15-1-To-D-24-Go-RAM-Puce-M5-CPU-10-coeurs-GPU-10-coeurs-Lumiere-stellaire.jpg,1999
"Apple MacBook Air 13"" 1 To SSD 16 Go RAM Puce M5 CPU 10 cœurs GPU 10 cœurs Bleu ciel",https://static.fnac-static.com/multimedia/Images/FR/MDM/91/94/a3/27497617/1505-1/tsp20260321140556/Apple-MacBook-Air-13-1-To-D-16-Go-RAM-Puce-M5-CPU-10-coeurs-GPU-10-coeurs-Bleu-ciel.jpg,1449
"Apple MacBook Air 15"" 1 To SSD 16 Go RAM Puce M5 CPU 10 cœurs GPU 10 cœurs Argent",https://static.fnac-static.com/multimedia/Images/FR/MDM/70/94/a3/27497584/1505-1/tsp20260321140556/Apple-MacBook-Air-15-1-To-D-16-Go-RAM-Puce-M5-CPU-10-coeurs-GPU-10-coeurs-Argent.jpg,1749
"Apple MacBook Pro 14"" 2 To SSD 24 Go RAM Puce M5 Pro CPU 18 cœurs GPU 20 cœurs Argent",https://static.fnac-static.com/multimedia/Images/FR/MDM/36/b2/a8/27832886/1505-1/tsp20260321140556/Apple-MacBook-Pro-14-2-To-D-24-Go-RAM-Puce-M5-Pro-CPU-18-coeurs-GPU-20-coeurs-Argent.jpg,3199
"Apple MacBook Air 15"" 1 To SSD 16 Go RAM Puce M5 CPU 10 cœurs GPU 10 cœurs Minuit",https://static.fnac-static.com/multimedia/Images/FR/MDM/3a/b2/a8/27832890/1505-1/tsp20260321143617/Apple-MacBook-Air-15-1-To-D-16-Go-RAM-Puce-M5-CPU-10-coeurs-GPU-10-coeurs-Minuit.jpg,1749
"Apple MacBook Air 15"" 1 To SSD 16 Go RAM Puce M5 CPU 10 cœurs GPU 10 cœurs Bleu ciel",https://static.fnac-static.com/multimedia/Images/FR/MDM/3c/b2/a8/27832892/1505-1/tsp20260321140556/Apple-MacBook-Air-15-1-To-D-16-Go-RAM-Puce-M5-CPU-10-coeurs-GPU-10-coeurs-Bleu-ciel.jpg,1749
"Apple MacBook Pro 14"" 2 To SSD 36 Go RAM Puce M5 Max CPU 18 cœurs GPU 32 cœurs Argent",https://static.fnac-static.com/multimedia/Images/FR/MDM/69/b2/a8/27832937/1505-1/tsp20260326172951/Apple-MacBook-Pro-14-2-To-D-36-Go-RAM-Puce-M5-Max-CPU-18-coeurs-GPU-32-coeurs-Argent.jpg,4199
"Apple MacBook Air 15"" 1 To SSD 16 Go RAM Puce M5 CPU 10 cœurs GPU 10 cœurs Lumière stellaire",https://static.fnac-static.com/multimedia/Images/FR/MDM/94/94/a3/27497620/1505-1/tsp20260321140556/Apple-MacBook-Air-15-1-To-D-16-Go-RAM-Puce-M5-CPU-10-coeurs-GPU-10-coeurs-Lumiere-stellaire.jpg,1749
"Apple MacBook Pro 14"" 2 To SSD 24 Go RAM Puce M5 Pro CPU 18 cœurs GPU 20 cœurs Noir sidéral",https://static.fnac-static.com/multimedia/Images/FR/MDM/3b/b2/a8/27832891/1505-1/tsp20260321140556/Apple-MacBook-Pro-14-2-To-D-24-Go-RAM-Puce-M5-Pro-CPU-18-coeurs-GPU-20-coeurs-Noir-sideral.jpg,3199
"Apple iPad Air 13"" Puce Apple M4 256 Go Wifi 8ème génération 2026 Bleu",https://static.fnac-static.com/multimedia/Images/FR/MDM/11/14/b2/28447761/1505-1/tsp20260325091931/Apple-iPad-Air-13-Puce-Apple-M4-256-Go-Wifi-8eme-generation-2026-Bleu.jpg,999.99
"Apple MacBook Pro 16"" 1 To SSD 24 Go RAM Puce M5 Pro CPU 18 cœurs GPU 20 cœurs Noir sidéral",https://static.fnac-static.com/multimedia/Images/FR/MDM/6d/b2/a8/27832941/1505-1/tsp20260401114227/Apple-MacBook-Pro-16-1-To-D-24-Go-RAM-Puce-M5-Pro-CPU-18-coeurs-GPU-20-coeurs-Noir-sideral.jpg,2999
"Apple MacBook Air 15"" 512 Go SSD 16 Go RAM Puce M5 CPU 10 cœurs GPU 10 cœurs Bleu ciel",https://static.fnac-static.com/multimedia/Images/FR/MDM/71/b2/a8/27832945/1505-1/tsp20260321143800/Apple-MacBook-Air-15-512-Go-D-16-Go-RAM-Puce-M5-CPU-10-coeurs-GPU-10-coeurs-Bleu-ciel.jpg,1499
"Apple iPad Air 13"" Puce Apple M4 128 Go 5G 8ème génération 2026 Bleu",https://static.fnac-static.com/multimedia/Images/FR/MDM/0c/14/b2/28447756/1505-1/tsp20260507145047/Apple-iPad-Air-13-Puce-Apple-M4-128-Go-5G-8eme-generation-2026-Bleu.jpg,1039.99
"Apple iPad Air 13"" Puce Apple M4 128 Go Wifi 8ème génération 2026 Lumière Stellaire",https://static.fnac-static.com/multimedia/Images/FR/MDM/10/14/b2/28447760/1505-1/tsp20260325091931/Apple-iPad-Air-13-Puce-Apple-M4-128-Go-Wifi-8eme-generation-2026-Lumiere-Stellaire.jpg,869.99
"Apple iPad Air 13"" Puce Apple M4 128 Go Wifi 8ème génération 2026 Gris sidéral",https://static.fnac-static.com/multimedia/Images/FR/MDM/0f/14/b2/28447759/1505-1/tsp20260417152137/Apple-iPad-Air-13-Puce-Apple-M4-128-Go-Wifi-8eme-generation-2026-Gris-sideral.jpg,869.99
"Apple iPad Air 11"" Puce Apple M4 128 Go Wifi 8ème génération 2026 Lumière Stellaire",https://static.fnac-static.com/multimedia/Images/FR/MDM/34/14/b2/28447796/1505-1/tsp20260325091931/Apple-iPad-Air-11-Puce-Apple-M4-128-Go-Wifi-8eme-generation-2026-Lumiere-Stellaire.jpg,669.99
"Apple iPad Air 11"" Puce Apple M4 256 Go Wifi 8ème génération 2026 Bleu",https://static.fnac-static.com/multimedia/Images/FR/MDM/35/14/b2/28447797/1505-1/tsp20260325091931/Apple-iPad-Air-11-Puce-Apple-M4-256-Go-Wifi-8eme-generation-2026-Bleu.jpg,799.99
"Apple iPad Air 11"" Puce Apple M4 512 Go 5G 8ème génération 2026 Bleu",https://static.fnac-static.com/multimedia/Images/FR/MDM/23/14/b2/28447779/1505-1/tsp20260317151042/Apple-iPad-Air-11-Puce-Apple-M4-512-Go-5G-8eme-generation-2026-Bleu.jpg,1219.99
"Apple iPad Air 13"" Puce Apple M4 128 Go 5G 8ème génération 2026 Lumière Stellaire",https://static.fnac-static.com/multimedia/Images/FR/MDM/26/14/b2/28447782/1505-1/tsp20260507145047/Apple-iPad-Air-13-Puce-Apple-M4-128-Go-5G-8eme-generation-2026-Lumiere-Stellaire.jpg,1039.99
"Apple iPad Air 11"" Puce Apple M4 256 Go 5G 8ème génération 2026 Gris sidéral",https://static.fnac-static.com/multimedia/Images/FR/MDM/39/14/b2/28447801/1505-1/tsp20260317144452/Apple-iPad-Air-11-Puce-Apple-M4-256-Go-5G-8eme-generation-2026-Gris-sideral.jpg,969.99
"Apple iPad Air 13"" Puce Apple M4 256 Go Wifi 8ème génération 2026 Lumière Stellaire",https://static.fnac-static.com/multimedia/Images/FR/MDM/2b/14/b2/28447787/1505-1/tsp20260325091931/Apple-iPad-Air-13-Puce-Apple-M4-256-Go-Wifi-8eme-generation-2026-Lumiere-Stellaire.jpg,999.99
"Apple iPad Air 11"" Puce Apple M4 128 Go Wifi 8ème génération 2026 Bleu",https://static.fnac-static.com/multimedia/Images/FR/MDM/1e/14/b2/28447774/1505-1/tsp20260325091931/Apple-iPad-Air-11-Puce-Apple-M4-128-Go-Wifi-8eme-generation-2026-Bleu.jpg,669.99
"Apple iPad Air 13"" Puce Apple M4 1 To Wifi 8ème génération 2026 Gris sidéral",https://static.fnac-static.com/multimedia/Images/FR/MDM/2d/14/b2/28447789/1505-1/tsp20260317151042/Apple-iPad-Air-13-Puce-Apple-M4-1-To-Wifi-8eme-generation-2026-Gris-sideral.jpg,1499.99
"Apple iPad Air 13"" Puce Apple M4 128 Go Wifi 8ème génération 2026 Mauve",https://static.fnac-static.com/multimedia/Images/FR/MDM/41/14/b2/28447809/1505-1/tsp20260325091931/Apple-iPad-Air-13-Puce-Apple-M4-128-Go-Wifi-8eme-generation-2026-Mauve.jpg,869.99
"Apple iPad Air 11"" Puce Apple M4 128 Go Wifi 8ème génération 2026 Mauve",https://static.fnac-static.com/multimedia/Images/FR/MDM/4c/14/b2/28447820/1505-1/tsp20260325091931/Apple-iPad-Air-11-Puce-Apple-M4-128-Go-Wifi-8eme-generation-2026-Mauve.jpg,669.99
"Apple iPad Air 13"" Puce Apple M4 128 Go 5G 8ème génération 2026 Gris sidéral",https://static.fnac-static.com/multimedia/Images/FR/MDM/6e/15/b2/28448110/1505-1/tsp20260523085137/Apple-iPad-Air-13-Puce-Apple-M4-128-Go-5G-8eme-generation-2026-Gris-sideral.jpg,1039.99
"Apple iPad Air 13"" Puce Apple M4 256 Go 5G 8ème génération 2026 Gris sidéral",https://static.fnac-static.com/multimedia/Images/FR/MDM/71/15/b2/28448113/1505-1/tsp20260507145047/Apple-iPad-Air-13-Puce-Apple-M4-256-Go-5G-8eme-generation-2026-Gris-sideral.jpg,1169.99
"Apple iPad Air 11"" Puce Apple M4 128 Go Wifi 8ème génération 2026 Gris Sidéral",https://static.fnac-static.com/multimedia/Images/FR/MDM/4b/14/b2/28447819/1505-1/tsp20260417152137/Apple-iPad-Air-11-Puce-Apple-M4-128-Go-Wifi-8eme-generation-2026-Gris-Sideral.jpg,669.99
"Apple iPad Air 13"" Puce Apple M4 128 Go 5G 8ème génération 2026 Mauve",https://static.fnac-static.com/multimedia/Images/FR/MDM/53/14/b2/28447827/1505-1/tsp20260507145047/Apple-iPad-Air-13-Puce-Apple-M4-128-Go-5G-8eme-generation-2026-Mauve.jpg,1039.99
"Apple iPad Air 13"" Puce Apple M4 128 Go Wifi 8ème génération 2026 Bleu",https://static.fnac-static.com/multimedia/Images/FR/MDM/40/14/b2/28447808/1505-1/tsp20260325091931/Apple-iPad-Air-13-Puce-Apple-M4-128-Go-Wifi-8eme-generation-2026-Bleu.jpg,869.99
"Apple iPad Air 13"" Puce Apple M4 256 Go Wifi 8ème génération 2026 Gris sidéral",https://static.fnac-static.com/multimedia/Images/FR/MDM/57/14/b2/28447831/1505-1/tsp20260325091931/Apple-iPad-Air-13-Puce-Apple-M4-256-Go-Wifi-8eme-generation-2026-Gris-sideral.jpg,999.99
"Apple Magic Keyboard Azerty pour iPad Air 13"" (M3) Noir",https://static.fnac-static.com/multimedia/Images/FR/MDM/71/76/fe/16676465/1505-1/tsp20260510031416/Apple-Magic-Keyboard-Azerty-pour-iPad-Air-13-M3-Noir.jpg,349.99
"Apple Magic Keyboard Azerty pour iPad Air 11"" (M3) Noir",https://static.fnac-static.com/multimedia/Images/FR/MDM/4e/76/fe/16676430/1505-1/tsp20260510031416/Apple-Magic-Keyboard-Azerty-pour-iPad-Air-11-M3-Noir.jpg,329.99
"Apple iPad Pro 13"" Puce Apple M5 256 Go Argent 5G 8ème génération 2025",https://static.fnac-static.com/multimedia/Images/FR/MDM/8e/b3/a8/27833230/1505-1/tsp20260519130949/Apple-iPad-Pro-13-Puce-Apple-M5-256-Go-Argent-5G-8eme-generation-2025.jpg,1719.99
"Apple iPad Air 13"" Puce Apple M4 1 To Wifi 8ème génération 2026 Lumière Stellaire",https://static.fnac-static.com/multimedia/Images/FR/MDM/13/14/b2/28447763/1505-1/tsp20260317151042/Apple-iPad-Air-13-Puce-Apple-M4-1-To-Wifi-8eme-generation-2026-Lumiere-Stellaire.jpg,1499.99
"Apple iPad Pro 11"" 256 Go Gris sidéral Wi-Fi 4ème génération 2022 Reconditionné par Lagoona",https://static.fnac-static.com/multimedia/Images/FR/MDM/bb/29/bf/29305275/1505-1/tsp20260331173115/Apple-iPad-Pro-11-256-Go-Gris-sideral-Wi-Fi-4eme-generation-2022-Reconditionne-par-Lagoona.jpg,685
"Apple iPad Pro 11"" 512 Go Gris sidéral Wi-Fi 4ème génération 2022 Reconditionné par Lagoona",https://static.fnac-static.com/multimedia/Images/FR/MDM/c0/29/bf/29305280/1505-1/tsp20260417173156/Apple-iPad-Pro-11-512-Go-Gris-sideral-Wi-Fi-4eme-generation-2022-Reconditionne-par-Lagoona.jpg,799
"Apple iPad Pro 11"" 128 Go Gris sidéral Wi-Fi 2ème génération 2020 Reconditionné par Lagoona",https://static.fnac-static.com/multimedia/Images/FR/MDM/be/29/bf/29305278/1505-1/tsp20260603154506/Apple-iPad-Pro-11-128-Go-Gris-sideral-Wi-Fi-2eme-generation-2020-Reconditionne-par-Lagoona.jpg,425
"Apple MacBook Air 13"" 128 Go SSD 8 Go RAM Puce Apple M1 CPU 7 cœurs GPU 7 cœurs Gris sidéral 2020 Reconditionné Grade B",https://static.fnac-static.com/multimedia/Images/FR/MDM/2d/85/be/29263149/1505-1/tsp20260331173115/Apple-MacBook-Air-13-128-Go-D-8-Go-RAM-Puce-Apple-M1-CPU-7-coeurs-GPU-7-coeurs-Gris-sideral-2020-Reconditionne-Grade-B.jpg,489
Boucle Sport Nike Apple 46 mm Rose Alpenglow pour Watch Hermès Series 9 SE 3 Series 10 Series 11 Series 8 Series 9 Ultra 2 Ultra 3,https://static.fnac-static.com/multimedia/Images/FR/MDM/d7/83/b7/28804055/1505-1.jpg,49.99
"Apple iPad Pro 11"" 64 Go Gris sidéral Wi-Fi 1ère génération 2018 Reconditionné par Lagoona",https://static.fnac-static.com/multimedia/Images/FR/MDM/b9/29/bf/29305273/1505-1/tsp20260603154506/Apple-iPad-Pro-11-64-Go-Gris-sideral-Wi-Fi-1ere-generation-2018-Reconditionne-par-Lagoona.jpg,305
"Apple MacBook Pro 14"" 2 To SSD 24 Go RAM Puce M5 Pro CPU 15 cœurs GPU 16 cœurs Noir sidéral",https://static.fnac-static.com/multimedia/Images/FR/MDM/63/b2/a8/27832931/1505-1/tsp20260326172951/Apple-MacBook-Pro-14-2-To-D-24-Go-RAM-Puce-M5-Pro-CPU-15-coeurs-GPU-16-coeurs-Noir-sideral.jpg,2999
"Apple MacBook Pro 14"" 2 To SSD 24 Go RAM Puce M5 Pro CPU 15 cœurs GPU 16 cœurs Argent",https://static.fnac-static.com/multimedia/Images/FR/MDM/35/b2/a8/27832885/1505-1/tsp20260326172951/Apple-MacBook-Pro-14-2-To-D-24-Go-RAM-Puce-M5-Pro-CPU-15-coeurs-GPU-16-coeurs-Argent.jpg,2999
"Apple iMac 24"" 256 Go SSD 16 Go RAM Puce M4 CPU 8 cœurs GPU 8 cœurs Argent Clavier avec pavé numérique",https://static.fnac-static.com/multimedia/Images/FR/MDM/ea/4e/13/18042602/1505-1/tsp20260327115059/Apple-iMac-24-256-Go-D-16-Go-RAM-Puce-M4-CPU-8-coeurs-GPU-8-coeurs-Argent-Clavier-avec-pave-numerique.jpg,1499
"Apple MacBook Pro 16"" 2 To SSD 36 Go RAM Puce M5 Max CPU 18 cœurs GPU 32 cœurs Noir sidéral",https://static.fnac-static.com/multimedia/Images/FR/MDM/6b/b2/a8/27832939/1505-1/tsp20260401103532/Apple-MacBook-Pro-16-2-To-D-36-Go-RAM-Puce-M5-Max-CPU-18-coeurs-GPU-32-coeurs-Noir-sideral.jpg,4499
"Apple iPad Air 13"" Puce Apple M4 1 To Wifi 8ème génération 2026 Mauve",https://static.fnac-static.com/multimedia/Images/FR/MDM/2e/14/b2/28447790/1505-1/tsp20260523085137/Apple-iPad-Air-13-Puce-Apple-M4-1-To-Wifi-8eme-generation-2026-Mauve.jpg,1499.99
"Apple iPad Pro 11"" Puce Apple M2 2 To Gris Sidéral Wifi Fin 2022",https://static.fnac-static.com/multimedia/Images/FR/MDM/48/4f/13/18042696/1505-1/tsp20260414113538/Apple-iPad-Pro-11-Puce-Apple-M2-2-To-Gris-Sideral-Wifi-Fin-2022.jpg,2390
"Apple iPad Pro 11"" Puce Apple M4 1 To Noir Sidéral Wi-Fi 7ème génération 2024",https://static.fnac-static.com/multimedia/Images/FR/MDM/c2/4f/13/18042818/1505-1/tsp20260218200307/Apple-iPad-Pro-11-Puce-Apple-M4-1-To-Noir-Sideral-Wi-Fi-7eme-generation-2024.jpg,1949.99
Apple Watch Series 10 GPS + Cellular 46mm Boîtier en Titane Naturel avec Bracelet Sport Gris Minéral S/M,https://static.fnac-static.com/multimedia/Images/FR/MDMFR/MDM/97/af/31/20033431/1505-1/tsp20250812074654/Apple-Watch-Series-10-GPS-Cellular-46mm-Boitier-en-Titane-Naturel-avec-Bracelet-Sport-Gris-Mineral-S-M.jpg,739.99
Câble d'alimentation Apple Thunderbolt 4 Pro 3 m Noir,https://static.fnac-static.com/multimedia/Images/FR/MDM/62/73/16/18248546/1505-1/tsp20250918081459/Cable-d-alimentation-Apple-Thunderbolt-4-Pro-3-m-Noir.jpg,179.99
"Apple iPad Air 13"" Puce Apple M4 1 To Wifi 8ème génération 2026 Bleu",https://static.fnac-static.com/multimedia/Images/FR/MDM/5a/14/b2/28447834/1505-1/tsp20260317154016/Apple-iPad-Air-13-Puce-Apple-M4-1-To-Wifi-8eme-generation-2026-Bleu.jpg,1499.99
"Apple iPad Air 11"" Puce Apple M4 128 Go 5G 8ème génération 2026 Mauve",https://static.fnac-static.com/multimedia/Images/FR/MDM/09/14/b2/28447753/1505-1/tsp20260317144452/Apple-iPad-Air-11-Puce-Apple-M4-128-Go-5G-8eme-generation-2026-Mauve.jpg,839.99
"Apple MacBook Pro 16"" 1 To SSD 48 Go RAM Puce M5 Pro CPU 18 cœurs GPU 20 cœurs Noir sidéral",https://static.fnac-static.com/multimedia/Images/FR/MDM/6c/b2/a8/27832940/1505-1/tsp20260401114227/Apple-MacBook-Pro-16-1-To-D-48-Go-RAM-Puce-M5-Pro-CPU-18-coeurs-GPU-20-coeurs-Noir-sideral.jpg,3499
"Apple MacBook Pro 14"" 2 To SSD 36 Go RAM Puce M5 Max CPU 18 cœurs GPU 32 cœurs Noir sidéral",https://static.fnac-static.com/multimedia/Images/FR/MDM/68/b2/a8/27832936/1505-1/tsp20260326172951/Apple-MacBook-Pro-14-2-To-D-36-Go-RAM-Puce-M5-Max-CPU-18-coeurs-GPU-32-coeurs-Noir-sideral.jpg,4199
"Apple iPad Air 13"" Puce Apple M4 512 Go 5G 8ème génération 2026 Gris sidéral",https://static.fnac-static.com/multimedia/Images/FR/MDM/28/14/b2/28447784/1505-1/tsp20260507091921/Apple-iPad-Air-13-Puce-Apple-M4-512-Go-5G-8eme-generation-2026-Gris-sideral.jpg,1419.99
"Apple iPad 11"" A16 128 Go Rose Wifi 2025",https://static.fnac-static.com/multimedia/Images/FR/MDM/6b/22/fd/16589419/1505-1/tsp20260616101347/Apple-iPad-11-A16-128-Go-Rose-Wifi-2025.jpg,389.99
"Apple iPad Pro 13"" Puce Apple M5 2 To Noir Sidéral Wi-Fi Nano-texturé 8ème génération 2025",https://static.fnac-static.com/multimedia/Images/FR/MDM/54/92/6b/23827028/1505-1/tsp20260519120557/Apple-iPad-Pro-13-Puce-Apple-M5-2-To-Noir-Sideral-Wi-Fi-Nano-texture-8eme-generation-2025.jpg,2809.99
"Apple MacBook Pro 14"" 1 To SSD 24 Go RAM Puce M5 Pro CPU 15 cœurs GPU 16 cœurs Argent",https://static.fnac-static.com/multimedia/Images/FR/MDM/37/b2/a8/27832887/1505-1/tsp20260326172951/Apple-MacBook-Pro-14-1-To-D-24-Go-RAM-Puce-M5-Pro-CPU-15-coeurs-GPU-16-coeurs-Argent.jpg,2499
"Apple MacBook Pro 14"" 1 To SSD 24 Go RAM Puce M5 Pro CPU 15 cœurs GPU 16 cœurs Noir sidéral",https://static.fnac-static.com/multimedia/Images/FR/MDM/70/b2/a8/27832944/1505-1/tsp20260326172951/Apple-MacBook-Pro-14-1-To-D-24-Go-RAM-Puce-M5-Pro-CPU-15-coeurs-GPU-16-coeurs-Noir-sideral.jpg,2499
"Apple MacBook Air 15"" 1 To SSD 24 Go RAM Puce M5 CPU 10 cœurs GPU 10 cœurs Bleu ciel",https://static.fnac-static.com/multimedia/Images/FR/MDM/38/b2/a8/27832888/1505-1/tsp20260321140556/Apple-MacBook-Air-15-1-To-D-24-Go-RAM-Puce-M5-CPU-10-coeurs-GPU-10-coeurs-Bleu-ciel.jpg,1999
"Apple iPad Air 11"" Puce Apple M4 256 Go 5G 8ème génération 2026 Bleu",https://static.fnac-static.com/multimedia/Images/FR/MDM/0a/14/b2/28447754/1505-1/tsp20260317144452/Apple-iPad-Air-11-Puce-Apple-M4-256-Go-5G-8eme-generation-2026-Bleu.jpg,969.99
"Apple iPad Air 11"" Puce Apple M4 1 To 5G 8ème génération 2026 Gris sidéral",https://static.fnac-static.com/multimedia/Images/FR/MDM/51/14/b2/28447825/1505-1/tsp20260317151042/Apple-iPad-Air-11-Puce-Apple-M4-1-To-5G-8eme-generation-2026-Gris-sideral.jpg,1469.99
"Apple iPad Air 11"" Puce Apple M4 1 To Wifi 8ème génération 2026 Bleu",https://static.fnac-static.com/multimedia/Images/FR/MDM/4e/14/b2/28447822/1505-1/tsp20260317144452/Apple-iPad-Air-11-Puce-Apple-M4-1-To-Wifi-8eme-generation-2026-Bleu.jpg,1299.99
"Apple MacBook Pro 16"" 4 To SSD 24 Go RAM Puce M5 Pro CPU 18 cœurs GPU 20 cœurs Noir sidéral",https://static.fnac-static.com/multimedia/Images/FR/MDM/81/94/a3/27497601/1505-1/tsp20260507131703/Apple-MacBook-Pro-16-4-To-D-24-Go-RAM-Puce-M5-Pro-CPU-18-coeurs-GPU-20-coeurs-Noir-sideral.jpg,4249
"Apple iPad Air 11"" Puce Apple M4 256 Go Wifi 8ème génération 2026 Mauve",https://static.fnac-static.com/multimedia/Images/FR/MDM/4d/14/b2/28447821/1505-1/tsp20260325091931/Apple-iPad-Air-11-Puce-Apple-M4-256-Go-Wifi-8eme-generation-2026-Mauve.jpg,799.99
"Apple iPad Air 13"" Puce Apple M4 256 Go Wifi 8ème génération 2026 Mauve",https://static.fnac-static.com/multimedia/Images/FR/MDM/58/14/b2/28447832/1505-1/tsp20260325091931/Apple-iPad-Air-13-Puce-Apple-M4-256-Go-Wifi-8eme-generation-2026-Mauve.jpg,999.99
"Apple iPad Pro 13"" Puce Apple M5 2 To Argent 5G 8ème génération 2025",https://static.fnac-static.com/multimedia/Images/FR/MDM/9f/b3/a8/27833247/1505-1/tsp20260519130949/Apple-iPad-Pro-13-Puce-Apple-M5-2-To-Argent-5G-8eme-generation-2025.jpg,2929.99
Apple Watch Ultra 3 GPS + Cellular 49mm Boitier en Titane Naturel avec Bracelet Milanais en titane naturel Large,https://static.fnac-static.com/multimedia/Images/FR/MDM/4f/78/b6/28735567/1505-1/tsp20260522090207/Apple-Watch-Ultra-3-GPS-Cellular-49mm-Boitier-en-Titane-Naturel-avec-Bracelet-Milanais-en-titane-naturel-Large.jpg,999.99
"Apple MacBook Air 15"" 2 To SSD 16 Go RAM Puce M5 CPU 10 cœurs GPU 10 cœurs Minuit",https://static.fnac-static.com/multimedia/Images/FR/MDM/23/64/be/29254691/1505-1/tsp20260507131703/Apple-MacBook-Air-15-2-To-D-16-Go-RAM-Puce-M5-CPU-10-coeurs-GPU-10-coeurs-Minuit.jpg,2249
Apple Watch Series 11 GPS + Cellular 46mm Boitier en Aluminium Noir de Jais avec Bracelet Sport Noir M/L,https://static.fnac-static.com/multimedia/Images/FR/MDM/87/78/b6/28735623/1505-1/tsp20260522090207/Apple-Watch-Series-11-GPS-Cellular-46mm-Boitier-en-Aluminium-Noir-de-Jais-avec-Bracelet-Sport-Noir-M-L.jpg,599.99
"Apple MacBook Air 15"" 2 To SSD 24 Go RAM Puce M5 CPU 10 cœurs GPU 10 cœurs Minuit",https://static.fnac-static.com/multimedia/Images/FR/MDM/3c/64/be/29254716/1505-1/tsp20260507131703/Apple-MacBook-Air-15-2-To-D-24-Go-RAM-Puce-M5-CPU-10-coeurs-GPU-10-coeurs-Minuit.jpg,2499
"Apple MacBook Air 15"" 2 To SSD 24 Go RAM Puce M5 CPU 10 cœurs GPU 10 cœurs Bleu ciel",https://static.fnac-static.com/multimedia/Images/FR/MDM/f7/63/be/29254647/1505-1/tsp20260507131703/Apple-MacBook-Air-15-2-To-D-24-Go-RAM-Puce-M5-CPU-10-coeurs-GPU-10-coeurs-Bleu-ciel.jpg,2499
"Apple iMac 24"" écran retina 4,5K 512Go SSD 24 Go RAM Puce M4 CPU 10 cœurs GPU 10 cœurs Rose",https://static.fnac-static.com/multimedia/Images/FR/MDM/ad/4e/13/18042541/1505-1/tsp20260403144042/Apple-iMac-24-ecran-retina-4-5K-512Go-D-24-Go-RAM-Puce-M4-CPU-10-coeurs-GPU-10-coeurs-Rose.jpg,2249
"Apple MacBook Air 15"" 2 To SSD 16 Go RAM Puce M5 CPU 10 cœurs GPU 10 cœurs Bleu ciel",https://static.fnac-static.com/multimedia/Images/FR/MDM/0c/64/be/29254668/1505-1/tsp20260507131703/Apple-MacBook-Air-15-2-To-D-16-Go-RAM-Puce-M5-CPU-10-coeurs-GPU-10-coeurs-Bleu-ciel.jpg,2249
"Apple iPad Air 11"" Puce Apple M4 1 To 5G 8ème génération 2026 Mauve",https://static.fnac-static.com/multimedia/Images/FR/MDM/25/14/b2/28447781/1505-1/tsp20260317151042/Apple-iPad-Air-11-Puce-Apple-M4-1-To-5G-8eme-generation-2026-Mauve.jpg,1469.99
"Apple iPad Air 11"" Puce Apple M4 1 To 5G 8ème génération 2026 Lumière Stellaire",https://static.fnac-static.com/multimedia/Images/FR/MDM/52/14/b2/28447826/1505-1/tsp20260524104944/Apple-iPad-Air-11-Puce-Apple-M4-1-To-5G-8eme-generation-2026-Lumiere-Stellaire.jpg,1469.99
Adaptateur Apple USB‑C vers Lecteur de carte SD,https://static.fnac-static.com/multimedia/Images/FR/MDM/6c/45/97/9913708/1505-1/tsp20250506210711/Adaptateur-Apple-USB-C-vers-Lecteur-de-carte-SD.jpg,45.99
"Apple iPad Pro 13"" Puce Apple M5 1 To Argent 5G Nano-texturé 8ème génération 2025",https://static.fnac-static.com/multimedia/Images/FR/MDM/90/b3/a8/27833232/1505-1/tsp20260519130949/Apple-iPad-Pro-13-Puce-Apple-M5-1-To-Argent-5G-Nano-texture-8eme-generation-2025.jpg,2579.99
"Apple iPad Air 13"" Puce Apple M4 512 Go 5G 8ème génération 2026 Lumière Stellaire",https://static.fnac-static.com/multimedia/Images/FR/MDM/3e/14/b2/28447806/1505-1/tsp20260507145047/Apple-iPad-Air-13-Puce-Apple-M4-512-Go-5G-8eme-generation-2026-Lumiere-Stellaire.jpg,1419.99
"Apple iPad Air 13"" Puce Apple M4 512 Go 5G 8ème génération 2026 Bleu",https://static.fnac-static.com/multimedia/Images/FR/MDM/55/14/b2/28447829/1505-1/tsp20260507145047/Apple-iPad-Air-13-Puce-Apple-M4-512-Go-5G-8eme-generation-2026-Bleu.jpg,1419.99
"Clavier Apple Magic Keyboard Qwerty Blanc pour iPad Air 13"" (M3)",https://static.fnac-static.com/multimedia/Images/FR/MDM/9e/5f/c1/12672926/1505-1/tsp20260510031416/Clavier-Apple-Magic-Keyboard-Qwerty-Blanc-pour-iPad-Air-13-M3.jpg,349.99
"Apple iPad 11"" A16 128 Go Argent 5G 2025",https://static.fnac-static.com/multimedia/Images/FR/MDM/4d/22/fd/16589389/1505-1/tsp20260519115133/Apple-iPad-11-A16-128-Go-Argent-5G-2025.jpg,559.99
"Apple iPad 11"" A16 128 Go Jaune 5G 2025",https://static.fnac-static.com/multimedia/Images/FR/MDM/4e/22/fd/16589390/1505-1/tsp20260519115133/Apple-iPad-11-A16-128-Go-Jaune-5G-2025.jpg,559.99
"Apple iPad Pro 13"" Puce Apple M5 256 Go Noir Sidéral 5G 8ème génération 2025",https://static.fnac-static.com/multimedia/Images/FR/MDM/82/b3/a8/27833218/1505-1/tsp20260519130949/Apple-iPad-Pro-13-Puce-Apple-M5-256-Go-Noir-Sideral-5G-8eme-generation-2025.jpg,1719.99
"Apple iPad Air 13"" Puce Apple M4 512 Go 5G 8ème génération 2026 Mauve",https://static.fnac-static.com/multimedia/Images/FR/MDM/29/14/b2/28447785/1505-1/tsp20260507145047/Apple-iPad-Air-13-Puce-Apple-M4-512-Go-5G-8eme-generation-2026-Mauve.jpg,1419.99
"Apple iPad Air 11"" Puce Apple M4 512 Go Wifi 8ème génération 2026 Bleu",https://static.fnac-static.com/multimedia/Images/FR/MDM/06/14/b2/28447750/1505-1/tsp20260611174238/Apple-iPad-Air-11-Puce-Apple-M4-512-Go-Wifi-8eme-generation-2026-Bleu.jpg,1049.99
"Apple iPad Air 11"" Puce Apple M4 512 Go Wifi 8ème génération 2026 Mauve",https://static.fnac-static.com/multimedia/Images/FR/MDM/07/14/b2/28447751/1505-1/tsp20260317144452/Apple-iPad-Air-11-Puce-Apple-M4-512-Go-Wifi-8eme-generation-2026-Mauve.jpg,1049.99
"Apple iPad Air 11"" Puce Apple M4 128 Go 5G 8ème génération 2026 Lumière Stellaire",https://static.fnac-static.com/multimedia/Images/FR/MDM/38/14/b2/28447800/1505-1/tsp20260317144452/Apple-iPad-Air-11-Puce-Apple-M4-128-Go-5G-8eme-generation-2026-Lumiere-Stellaire.jpg,839.99
"Apple iPad Air 13"" Puce Apple M4 1 To 5G 8ème génération 2026 Bleu",https://static.fnac-static.com/multimedia/Images/FR/MDM/3f/14/b2/28447807/1505-1/tsp20260524104944/Apple-iPad-Air-13-Puce-Apple-M4-1-To-5G-8eme-generation-2026-Bleu.jpg,1669.99
"Apple iPad Air 13"" Puce Apple M4 1 To 5G 8ème génération 2026 Lumière Stellaire",https://static.fnac-static.com/multimedia/Images/FR/MDM/56/14/b2/28447830/1505-1/tsp20260524104944/Apple-iPad-Air-13-Puce-Apple-M4-1-To-5G-8eme-generation-2026-Lumiere-Stellaire.jpg,1669.99
Apple Watch Series 11 GPS + Cellular 46mm Boitier en Titane Ardoise avec Bracelet Milanais Noir M/L,https://static.fnac-static.com/multimedia/Images/FR/MDM/9d/78/b6/28735645/1505-1/tsp20260522090207/Apple-Watch-Series-11-GPS-Cellular-46mm-Boitier-en-Titane-Ardoise-avec-Bracelet-Milanais-Noir-M-L.jpg,899.99
"Apple MacBook Air 13"" 2 To SSD 16 Go RAM Puce M5 CPU 10 cœurs GPU 10 cœurs Bleu ciel",https://static.fnac-static.com/multimedia/Images/FR/MDM/f5/63/be/29254645/1505-1/tsp20260507131703/Apple-MacBook-Air-13-2-To-D-16-Go-RAM-Puce-M5-CPU-10-coeurs-GPU-10-coeurs-Bleu-ciel.jpg,1949
"Apple MacBook Air 13"" 2 To SSD 24 Go RAM Puce M5 CPU 10 cœurs GPU 10 cœurs Bleu ciel",https://static.fnac-static.com/multimedia/Images/FR/MDM/0e/64/be/29254670/1505-1/tsp20260507131703/Apple-MacBook-Air-13-2-To-D-24-Go-RAM-Puce-M5-CPU-10-coeurs-GPU-10-coeurs-Bleu-ciel.jpg,2199
"Apple MacBook Air 13"" 2 To SSD 24 Go RAM Puce M5 CPU 10 cœurs GPU 10 cœurs Minuit",https://static.fnac-static.com/multimedia/Images/FR/MDM/3b/64/be/29254715/1505-1/tsp20260507131703/Apple-MacBook-Air-13-2-To-D-24-Go-RAM-Puce-M5-CPU-10-coeurs-GPU-10-coeurs-Minuit.jpg,2199
"Apple MacBook Air 13"" 4 To SSD 24 Go RAM Puce M5 CPU 10 cœurs GPU 10 cœurs Minuit",https://static.fnac-static.com/multimedia/Images/FR/MDM/fb/63/be/29254651/1505-1/tsp20260507131703/Apple-MacBook-Air-13-4-To-D-24-Go-RAM-Puce-M5-CPU-10-coeurs-GPU-10-coeurs-Minuit.jpg,2949
"Apple MacBook Air 13"" 2 To SSD 16 Go RAM Puce M5 CPU 10 cœurs GPU 10 cœurs Minuit",https://static.fnac-static.com/multimedia/Images/FR/MDM/39/64/be/29254713/1505-1/tsp20260507131703/Apple-MacBook-Air-13-2-To-D-16-Go-RAM-Puce-M5-CPU-10-coeurs-GPU-10-coeurs-Minuit.jpg,1949
"Apple MacBook Air 15"" 4 To SSD 24 Go RAM Puce M5 CPU 10 cœurs GPU 10 cœurs Minuit",https://static.fnac-static.com/multimedia/Images/FR/MDM/3f/64/be/29254719/1505-1/tsp20260507131703/Apple-MacBook-Air-15-4-To-D-24-Go-RAM-Puce-M5-CPU-10-coeurs-GPU-10-coeurs-Minuit.jpg,3249
"Apple iPad Air 13"" Puce Apple M4 1 To 5G 8ème génération 2026 Gris sidéral",https://static.fnac-static.com/multimedia/Images/FR/MDM/0e/14/b2/28447758/1505-1/tsp20260507145047/Apple-iPad-Air-13-Puce-Apple-M4-1-To-5G-8eme-generation-2026-Gris-sideral.jpg,1669.99
"Apple MacBook Air 13"" 256 Go SSD 8 Go RAM Intel® Core™ i3 Gris Sidéral Reconditionné",https://static.fnac-static.com/multimedia/Images/FR/MDM/a2/25/bc/29107618/1505-1/tsp20260529170810/Apple-MacBook-Air-13-256-Go-D-8-Go-RAM-Intel-Core-i3-Gris-Sideral-Reconditionne.jpg,379
"Apple MacBook Pro 16"" 4 To SSD 36 Go RAM Puce M5 Max CPU 18 cœurs GPU 32 cœurs Noir sidéral",https://static.fnac-static.com/multimedia/Images/FR/MDM/46/b2/a8/27832902/1505-1/tsp20260507131703/Apple-MacBook-Pro-16-4-To-D-36-Go-RAM-Puce-M5-Max-CPU-18-coeurs-GPU-32-coeurs-Noir-sideral.jpg,5249
"Ecran PC Apple Studio Display 27"" Retina 5K Verre Standard - support à inclinaison réglable",https://static.fnac-static.com/multimedia/Images/FR/MDM/61/30/b7/28782689/1505-1/tsp20260527090922/Ecran-PC-Apple-Studio-Display-27-Retina-5K-Verre-Standard-support-a-inclinaison-reglable.jpg,1699
"Apple iPad Air 13"" Puce Apple M4 1 To 5G 8ème génération 2026 Mauve",https://static.fnac-static.com/multimedia/Images/FR/MDM/2a/14/b2/28447786/1505-1/tsp20260507145047/Apple-iPad-Air-13-Puce-Apple-M4-1-To-5G-8eme-generation-2026-Mauve.jpg,1669.99
"Apple iPad 11"" A16 128 Go Jaune Wifi 2025",https://static.fnac-static.com/multimedia/Images/FR/MDM/3b/22/fd/16589371/1505-1/tsp20260616101347/Apple-iPad-11-A16-128-Go-Jaune-Wifi-2025.jpg,389.99
Apple Watch Series 11 GPS + Cellular 42mm Boitier en Titane Naturel avec Bracelet Sport Gris Minéral S/M,https://static.fnac-static.com/multimedia/Images/FR/MDM/40/78/b6/28735552/1505-1/tsp20260522090207/Apple-Watch-Series-11-GPS-Cellular-42mm-Boitier-en-Titane-Naturel-avec-Bracelet-Sport-Gris-Mineral-S-M.jpg,799.99
Apple Watch Series 10 GPS + Cellular 46mm Boîtier en Titane Ardoise avec Bracelet Milanais Ardoise S/M,https://static.fnac-static.com/multimedia/Images/FR/MDMFR/MDM/57/c3/04/17089367/1505-1/tsp20250822094117/Apple-Watch-Series-10-GPS-Cellular-46mm-Boitier-en-Titane-Ardoise-avec-Bracelet-Milanais-Ardoise-S-M.jpg,789.99
"Apple iPad Pro 13"" Puce Apple M5 512 Go Noir Sidéral 5G 8ème génération 2025",https://static.fnac-static.com/multimedia/Images/FR/MDM/aa/b3/a8/27833258/1505-1/tsp20260519130949/Apple-iPad-Pro-13-Puce-Apple-M5-512-Go-Noir-Sideral-5G-8eme-generation-2025.jpg,1969.99
"Ecran Apple Studio Display 27"" Retina 5K Verre nano-texturé",https://static.fnac-static.com/multimedia/Images/FR/MDM/65/30/b7/28782693/1505-1/tsp20260318130627/Ecran-Apple-Studio-Display-27-Retina-5K-Verre-nano-texture.jpg,2399
Apple Watch Series 11 GPS + Cellular 46mm Boitier en Aluminium Gris Sidéral avec Bracelet Sport Noir M/L,https://static.fnac-static.com/multimedia/Images/FR/MDM/a2/78/b6/28735650/1505-1/tsp20260522090207/Apple-Watch-Series-11-GPS-Cellular-46mm-Boitier-en-Aluminium-Gris-Sideral-avec-Bracelet-Sport-Noir-M-L.jpg,599.99
Bracelet pour montre intelligente Apple 45 mm Vert olive,https://static.fnac-static.com/multimedia/Images/E1/0E/CB/14/21803233-1505-1505-1/tsp20260518153720/Bracelet-pour-montre-intelligente-Apple-45-mm-Vert-olive.jpg,49.99
"Apple MacBook Pro 14"" 4 To SSD 36 Go RAM Puce M5 Max CPU 18 cœurs GPU 32 cœurs Noir sidéral",https://static.fnac-static.com/multimedia/Images/FR/MDM/14/b2/a8/27832852/1505-1/tsp20260507131703/Apple-MacBook-Pro-14-4-To-D-36-Go-RAM-Puce-M5-Max-CPU-18-coeurs-GPU-32-coeurs-Noir-sideral.jpg,4949
"Apple MacBook Pro 14"" 4 To SSD 24 Go RAM Puce M5 Pro CPU 15 cœurs GPU 16 cœurs Noir sidéral",https://static.fnac-static.com/multimedia/Images/FR/MDM/80/94/a3/27497600/1505-1/tsp20260507131703/Apple-MacBook-Pro-14-4-To-D-24-Go-RAM-Puce-M5-Pro-CPU-15-coeurs-GPU-16-coeurs-Noir-sideral.jpg,3749
"Apple iPad Pro 11"" Puce Apple M5 1 To Noir Sidéral 5G Nano-texturé 8ème génération 2025",https://static.fnac-static.com/multimedia/Images/FR/MDM/16/92/6b/23826966/1505-1/tsp20260603172450/Apple-iPad-Pro-11-Puce-Apple-M5-1-To-Noir-Sideral-5G-Nano-texture-8eme-generation-2025.jpg,2229.99
"Apple iPad Air 11"" Puce Apple M2 128 Go Bleu Wifi 6 ème génération 2024",https://static.fnac-static.com/multimedia/Images/FR/MDM/74/70/52/22179956/1505-1/tsp20260415083826/Apple-iPad-Air-11-Puce-Apple-M2-128-Go-Bleu-Wifi-6-eme-generation-2024.jpg,719.99
"Apple iPad Pro 11"" Puce Apple M5 512 Go Noir Sidéral 5G 8ème génération 2025",https://static.fnac-static.com/multimedia/Images/FR/MDM/55/92/6b/23827029/1505-1/tsp20260519120557/Apple-iPad-Pro-11-Puce-Apple-M5-512-Go-Noir-Sideral-5G-8eme-generation-2025.jpg,1619.99
Apple Watch SE 3 GPS 44mm Boitier en Aluminium Minuit avec Bracelet Sport Minuit S/M,https://static.fnac-static.com/multimedia/Images/FR/MDM/ba/85/b6/28739002/1505-1/tsp20260615145133/Apple-Watch-SE-3-GPS-44mm-Boitier-en-Aluminium-Minuit-avec-Bracelet-Sport-Minuit-S-M.jpg,299.99
"Apple iPad Pro 11"" Puce Apple M5 1 To Noir Sidéral 5G 8ème génération 2025",https://static.fnac-static.com/multimedia/Images/FR/MDM/15/92/6b/23826965/1505-1/tsp20260603172450/Apple-iPad-Pro-11-Puce-Apple-M5-1-To-Noir-Sideral-5G-8eme-generation-2025.jpg,2099.99
"Apple iPad Air 13"" Puce M3 1 To 5G 7ème génération 2025 Gris sidéral",https://static.fnac-static.com/multimedia/Images/FR/MDM/48/92/6b/23827016/1505-1/tsp20260305085527/Apple-iPad-Air-13-Puce-M3-1-To-5G-7eme-generation-2025-Gris-sideral.jpg,1609.99
Apple Watch Series 11 GPS 46mm Boitier en Aluminium Noir de Jais avec Bracelet Sport Noir M/L,https://static.fnac-static.com/multimedia/Images/FR/MDM/46/78/b6/28735558/1505-1/tsp20260615145133/Apple-Watch-Series-11-GPS-46mm-Boitier-en-Aluminium-Noir-de-Jais-avec-Bracelet-Sport-Noir-M-L.jpg,479.99
"Apple MacBook Pro 14"" 4 To SSD 48 Go RAM Puce M5 Pro CPU 18 cœurs GPU 20 cœurs Noir sidéral",https://static.fnac-static.com/multimedia/Images/FR/MDM/83/94/a3/27497603/1505-1/tsp20260507131703/Apple-MacBook-Pro-14-4-To-D-48-Go-RAM-Puce-M5-Pro-CPU-18-coeurs-GPU-20-coeurs-Noir-sideral.jpg,4449
"Apple MacBook Pro 14"" 4 To SSD 48 Go RAM Puce M5 Max CPU 18 cœurs GPU 40 cœurs Noir sidéral",https://static.fnac-static.com/multimedia/Images/FR/MDM/44/b2/a8/27832900/1505-1/tsp20260507131703/Apple-MacBook-Pro-14-4-To-D-48-Go-RAM-Puce-M5-Max-CPU-18-coeurs-GPU-40-coeurs-Noir-sideral.jpg,5574
"Apple iPad Air 11"" Puce Apple M4 1 To Wifi 8ème génération 2026 Lumière Stellaire",https://static.fnac-static.com/multimedia/Images/FR/MDM/37/14/b2/28447799/1505-1/tsp20260317144452/Apple-iPad-Air-11-Puce-Apple-M4-1-To-Wifi-8eme-generation-2026-Lumiere-Stellaire.jpg,1299.99
"Apple iPad Pro 13"" Puce Apple M5 2 To Noir Sidéral 5G 8ème génération 2025",https://static.fnac-static.com/multimedia/Images/FR/MDM/ac/b3/a8/27833260/1505-1/tsp20260519130949/Apple-iPad-Pro-13-Puce-Apple-M5-2-To-Noir-Sideral-5G-8eme-generation-2025.jpg,2929.99
"Apple iPad Air 11"" Puce Apple M4 1 To Wifi 8ème génération 2026 Mauve",https://static.fnac-static.com/multimedia/Images/FR/MDM/08/14/b2/28447752/1505-1/tsp20260524104944/Apple-iPad-Air-11-Puce-Apple-M4-1-To-Wifi-8eme-generation-2026-Mauve.jpg,1299.99
"Apple iPad Air 11"" Puce Apple M4 256 Go Wifi 8ème génération 2026 Lumière Stellaire",https://static.fnac-static.com/multimedia/Images/FR/MDM/1f/14/b2/28447775/1505-1/tsp20260611174238/Apple-iPad-Air-11-Puce-Apple-M4-256-Go-Wifi-8eme-generation-2026-Lumiere-Stellaire.jpg,799.99
Apple Watch Ultra 3 GPS + Cellular 49mm Boitier en Titane Naturel avec Boucle Alpine bleu clair Medium,https://static.fnac-static.com/multimedia/Images/FR/MDM/33/78/b6/28735539/1505-1/tsp20260522090207/Apple-Watch-Ultra-3-GPS-Cellular-49mm-Boitier-en-Titane-Naturel-avec-Boucle-Alpine-bleu-clair-Medium.jpg,899.99
Bracelet Sport Apple 46 mm S/M Brume violet,https://static.fnac-static.com/multimedia/Images/FR/MDM/0c/a9/c2/29534476/1505-1/tsp20260511103930/Bracelet-Sport-Apple-46-mm-S-M-Brume-violet.jpg,49.99
"Apple iPad Air 11"" Puce Apple M4 1 To 5G 8ème génération 2026 Bleu",https://static.fnac-static.com/multimedia/Images/FR/MDM/24/14/b2/28447780/1505-1/tsp20260317151042/Apple-iPad-Air-11-Puce-Apple-M4-1-To-5G-8eme-generation-2026-Bleu.jpg,1469.99
"Apple iPad Air 11"" Puce Apple M4 512 Go 5G 8ème génération 2026 Lumière Stellaire",https://static.fnac-static.com/multimedia/Images/FR/MDM/3b/14/b2/28447803/1505-1/tsp20260317151042/Apple-iPad-Air-11-Puce-Apple-M4-512-Go-5G-8eme-generation-2026-Lumiere-Stellaire.jpg,1219.99
"Apple iMac 24"" écran retina 4,5K 256Go 16 Go RAM Puce M4 CPU 8 cœurs GPU 8 cœurs Bleu",https://static.fnac-static.com/multimedia/Images/FR/MDM/a5/4e/13/18042533/1505-1/tsp20251217131927/Apple-iMac-24-ecran-retina-4-5K-256Go-16-Go-RAM-Puce-M4-CPU-8-coeurs-GPU-8-coeurs-Bleu.jpg,1499
"Apple iPad Air 13"" Puce Apple M4 512 Go Wifi 8ème génération 2026 Bleu",https://static.fnac-static.com/multimedia/Images/FR/MDM/12/14/b2/28447762/1505-1/tsp20260317151042/Apple-iPad-Air-13-Puce-Apple-M4-512-Go-Wifi-8eme-generation-2026-Bleu.jpg,1249.99
"Apple iPad Pro 13"" Puce Apple M4 2 To Noir Sidéral 5G Nano-texturé 7ème génération 2024",https://static.fnac-static.com/multimedia/Images/FR/MDM/6a/4f/13/18042730/1505-1/tsp20260216133203/Apple-iPad-Pro-13-Puce-Apple-M4-2-To-Noir-Sideral-5G-Nano-texture-7eme-generation-2024.jpg,3159.99
Apple Watch SE 3 GPS 44mm Boitier en Aluminium Minuit avec Bracelet Sport Minuit M/L,https://static.fnac-static.com/multimedia/Images/FR/MDM/b9/85/b6/28739001/1505-1/tsp20260615145133/Apple-Watch-SE-3-GPS-44mm-Boitier-en-Aluminium-Minuit-avec-Bracelet-Sport-Minuit-M-L.jpg,299.99
"Apple iPad Air 13"" Puce Apple M4 512 Go Wifi 8ème génération 2026 Gris sidéral",https://static.fnac-static.com/multimedia/Images/FR/MDM/42/14/b2/28447810/1505-1/tsp20260317151042/Apple-iPad-Air-13-Puce-Apple-M4-512-Go-Wifi-8eme-generation-2026-Gris-sideral.jpg,1249.99
"Apple MacBook Air 15"" 512 Go SSD 16 Go RAM Puce M5 CPU 10 cœurs GPU 10 cœurs Lumière stellaire",https://static.fnac-static.com/multimedia/Images/FR/MDM/93/94/a3/27497619/1505-1/tsp20260321140556/Apple-MacBook-Air-15-512-Go-D-16-Go-RAM-Puce-M5-CPU-10-coeurs-GPU-10-coeurs-Lumiere-stellaire.jpg,1499
"Apple MacBook Air 13"" 1 To SSD 24 Go RAM Puce M5 CPU 10 cœurs GPU 10 cœurs Argent",https://static.fnac-static.com/multimedia/Images/FR/MDM/2b/92/6b/23826987/1505-1/tsp20260317171459/Apple-MacBook-Air-13-1-To-D-24-Go-RAM-Puce-M5-CPU-10-coeurs-GPU-10-coeurs-Argent.jpg,1699
"Apple MacBook Air 13"" 1 To SSD 16 Go RAM Puce M5 CPU 10 cœurs GPU 10 cœurs Argent",https://static.fnac-static.com/multimedia/Images/FR/MDM/97/92/6b/23827095/1505-1/tsp20260321140556/Apple-MacBook-Air-13-1-To-D-16-Go-RAM-Puce-M5-CPU-10-coeurs-GPU-10-coeurs-Argent.jpg,1449
"Apple MacBook Air 13"" 1 To SSD 24 Go RAM Puce M5 CPU 10 cœurs GPU 10 cœurs Bleu ciel",https://static.fnac-static.com/multimedia/Images/FR/MDM/6f/94/a3/27497583/1505-1/tsp20260321140556/Apple-MacBook-Air-13-1-To-D-24-Go-RAM-Puce-M5-CPU-10-coeurs-GPU-10-coeurs-Bleu-ciel.jpg,1699
Apple Watch Ultra 3 GPS + Cellular 49mm Boitier en Titane Noir avec Bracelet Milanais en titane noir Small,https://static.fnac-static.com/multimedia/Images/FR/MDM/2e/78/b6/28735534/1505-1/tsp20260522090207/Apple-Watch-Ultra-3-GPS-Cellular-49mm-Boitier-en-Titane-Noir-avec-Bracelet-Milanais-en-titane-noir-Small.jpg,999.99
Apple MacBook Air 13'' 256 Go SSD 8 Go RAM Puce M1 CPU 8 cœurs GPU 7 cœurs Or 2020 Reconditionné,https://static.fnac-static.com/multimedia/Images/FR/MDM/1b/90/4a/21663771/1505-1/tsp20260220174943/Apple-MacBook-Air-13-256-Go-D-8-Go-RAM-Puce-M1-CPU-8-coeurs-GPU-7-coeurs-Or-2020-Reconditionne.jpg,519.0
"Apple iMac 24"" écran retina 4,5K 256Go 16 Go RAM Puce M4 CPU 10 cœurs GPU 10 cœurs Bleu",https://static.fnac-static.com/multimedia/Images/FR/MDM/7c/4e/13/18042492/1505-1/tsp20260403144042/Apple-iMac-24-ecran-retina-4-5K-256Go-16-Go-RAM-Puce-M4-CPU-10-coeurs-GPU-10-coeurs-Bleu.jpg,1749
"Apple iMac 24"" écran retina 4,5K 256Go 16 Go RAM Puce M4 CPU 8 cœurs GPU 8 cœurs Argent",https://static.fnac-static.com/multimedia/Images/FR/MDM/79/4e/13/18042489/1505-1/tsp20251217131220/Apple-iMac-24-ecran-retina-4-5K-256Go-16-Go-RAM-Puce-M4-CPU-8-coeurs-GPU-8-coeurs-Argent.jpg,1499
Apple Watch Series 11 GPS 46mm Boitier en Aluminium Noir de Jais  avec Bracelet Sport Noir S/M,https://static.fnac-static.com/multimedia/Images/FR/MDM/5b/78/b6/28735579/1505-1/tsp20260615145133/Apple-Watch-Series-11-GPS-46mm-Boitier-en-Aluminium-Noir-de-Jais-avec-Bracelet-Sport-Noir-S-M.jpg,479.99
"Etui Apple Smart Folio pour iPad Pro 11"" (M4) Noir",https://static.fnac-static.com/multimedia/Images/FR/MDM/ab/5f/c1/12672939/1505-1/tsp20260223130825/Etui-Apple-Smart-Folio-pour-iPad-Pro-11-M4-Noir.jpg,89.99
"Apple iPad Pro 13"" Puce Apple M5 1 To Noir Sidéral 5G Nano-texturé 8ème génération 2025",https://static.fnac-static.com/multimedia/Images/FR/MDM/83/b3/a8/27833219/1505-1/tsp20260603172958/Apple-iPad-Pro-13-Puce-Apple-M5-1-To-Noir-Sideral-5G-Nano-texture-8eme-generation-2025.jpg,2579.99
"Apple iPad Mini 8,3'' 128 Go Gris sidéral 5G 7ème génération 2024",https://static.fnac-static.com/multimedia/Images/FR/MDM/13/92/6b/23826963/1505-1/tsp20260519120557/Apple-iPad-Mini-8-3-128-Go-Gris-sideral-5G-7eme-generation-2024.jpg,729.99
"Apple iPad Pro 13"" Puce Apple M5 512 Go Argent 5G 8ème génération 2025",https://static.fnac-static.com/multimedia/Images/FR/MDM/8f/b3/a8/27833231/1505-1/tsp20260519130949/Apple-iPad-Pro-13-Puce-Apple-M5-512-Go-Argent-5G-8eme-generation-2025.jpg,1969.99
"Apple iPad Air 13"" Puce Apple M4 256 Go 5G 8ème génération 2026 Mauve",https://static.fnac-static.com/multimedia/Images/FR/MDM/54/14/b2/28447828/1505-1/tsp20260507145047/Apple-iPad-Air-13-Puce-Apple-M4-256-Go-5G-8eme-generation-2026-Mauve.jpg,1169.99
"Apple iPad Air 13"" Puce Apple M4 256 Go 5G 8ème génération 2026 Bleu",https://static.fnac-static.com/multimedia/Images/FR/MDM/0d/14/b2/28447757/1505-1/tsp20260507145047/Apple-iPad-Air-13-Puce-Apple-M4-256-Go-5G-8eme-generation-2026-Bleu.jpg,1169.99
Apple Watch Series 11 GPS + Cellular 46mm Boitier en Aluminium Or Rose avec Bracelet Sport Rose Tendre S/M,https://static.fnac-static.com/multimedia/Images/FR/MDM/3c/78/b6/28735548/1505-1/tsp20260522090207/Apple-Watch-Series-11-GPS-Cellular-46mm-Boitier-en-Aluminium-Or-Rose-avec-Bracelet-Sport-Rose-Tendre-S-M.jpg,599.99
Apple Watch Series 11 GPS 42mm Boitier en Aluminium Noir de Jais avec Bracelet Sport Noir - S/M,https://static.fnac-static.com/multimedia/Images/FR/MDM/9d/85/b6/28738973/1505-1/tsp20260615145133/Apple-Watch-Series-11-GPS-42mm-Boitier-en-Aluminium-Noir-de-Jais-avec-Bracelet-Sport-Noir-S-M.jpg,449.99
"Apple iPad Air 11"" Puce Apple M4 512 Go 5G 8ème génération 2026 Mauve",https://static.fnac-static.com/multimedia/Images/FR/MDM/0b/14/b2/28447755/1505-1/tsp20260524104944/Apple-iPad-Air-11-Puce-Apple-M4-512-Go-5G-8eme-generation-2026-Mauve.jpg,1219.99
"Apple iPad Air 11"" Puce Apple M4 256 Go Wifi 8ème génération 2026 Gris Sidéral",https://static.fnac-static.com/multimedia/Images/FR/MDM/04/14/b2/28447748/1505-1/tsp20260325091931/Apple-iPad-Air-11-Puce-Apple-M4-256-Go-Wifi-8eme-generation-2026-Gris-Sideral.jpg,799.99
"Apple MacBook Pro 16"" 2 To SSD 48 Go RAM Puce M5 Max CPU 18 cœurs GPU 40 cœurs Argent",https://static.fnac-static.com/multimedia/Images/FR/MDM/6e/b2/a8/27832942/1505-1/tsp20260401110559/Apple-MacBook-Pro-16-2-To-D-48-Go-RAM-Puce-M5-Max-CPU-18-coeurs-GPU-40-coeurs-Argent.jpg,4999
"Apple iPad Air 11"" Puce M3 1 To Wifi 7ème génération 2025 Lumière Stellaire",https://static.fnac-static.com/multimedia/Images/FR/MDM/42/92/6b/23827010/1505-1/tsp20260305085527/Apple-iPad-Air-11-Puce-M3-1-To-Wifi-7eme-generation-2025-Lumiere-Stellaire.jpg,1239.99
"Apple iPad Air 13"" Puce M3 512 Go 5G 7ème génération 2025 Mauve",https://static.fnac-static.com/multimedia/Images/FR/MDM/47/92/6b/23827015/1505-1/tsp20260305085527/Apple-iPad-Air-13-Puce-M3-512-Go-5G-7eme-generation-2025-Mauve.jpg,1359.99
"Apple iPad Pro 13"" Puce Apple M5 2 To Argent 5G Nano-texturé 8ème génération 2025",https://static.fnac-static.com/multimedia/Images/FR/MDM/91/b3/a8/27833233/1505-1/tsp20260519130949/Apple-iPad-Pro-13-Puce-Apple-M5-2-To-Argent-5G-Nano-texture-8eme-generation-2025.jpg,3059.99
"Apple iPad Air 11"" Puce Apple M4 1 To Wifi 8ème génération 2026 Gris sidéral",https://static.fnac-static.com/multimedia/Images/FR/MDM/20/14/b2/28447776/1505-1/tsp20260317144452/Apple-iPad-Air-11-Puce-Apple-M4-1-To-Wifi-8eme-generation-2026-Gris-sideral.jpg,1299.99
"Apple iPad Air 13"" Puce Apple M4 256 Go 5G 8ème génération 2026 Lumière Stellaire",https://static.fnac-static.com/multimedia/Images/FR/MDM/27/14/b2/28447783/1505-1/tsp20260507145047/Apple-iPad-Air-13-Puce-Apple-M4-256-Go-5G-8eme-generation-2026-Lumiere-Stellaire.jpg,1169.99
"Apple MacBook Neo 13"" 512 Go SSD 8 Go RAM Puce A18 Pro CPU 6 cœurs GPU 5 cœurs Rose poudré Touch ID",https://static.fnac-static.com/multimedia/Images/FR/MDM/ce/8b/be/29264846/1505-1/tsp20260527150947/Apple-MacBook-Neo-13-512-Go-D-8-Go-RAM-Puce-A18-Pro-CPU-6-coeurs-GPU-5-coeurs-Rose-poudre-Touch-ID.jpg,799
"Apple MacBook Pro 14"" 4 To SSD 64 Go RAM Puce M5 Max CPU 18 cœurs GPU 40 cœurs Noir sidéral",https://static.fnac-static.com/multimedia/Images/FR/MDM/10/b2/a8/27832848/1505-1/tsp20260507131703/Apple-MacBook-Pro-14-4-To-D-64-Go-RAM-Puce-M5-Max-CPU-18-coeurs-GPU-40-coeurs-Noir-sideral.jpg,5824
"Apple MacBook Pro 14"" 2 To SSD 48 Go RAM Puce M5 Pro CPU 18 cœurs GPU 20 cœurs Noir sidéral",https://static.fnac-static.com/multimedia/Images/FR/MDM/41/b2/a8/27832897/1505-1/tsp20260507131703/Apple-MacBook-Pro-14-2-To-D-48-Go-RAM-Puce-M5-Pro-CPU-18-coeurs-GPU-20-coeurs-Noir-sideral.jpg,3699
"Apple MacBook Pro 16"" 4 To SSD 64 Go RAM Puce M5 Max CPU 18 cœurs GPU 40 cœurs Noir sidéral",https://static.fnac-static.com/multimedia/Images/FR/MDM/5a/b2/a8/27832922/1505-1/tsp20260609115339/Apple-MacBook-Pro-16-4-To-D-64-Go-RAM-Puce-M5-Max-CPU-18-coeurs-GPU-40-coeurs-Noir-sideral.jpg,5999
"Apple MacBook Air 13"" 512 Go SSD 32 Go RAM Puce M5 CPU 10 cœurs GPU 10 cœurs Bleu ciel",https://static.fnac-static.com/multimedia/Images/FR/MDM/25/64/be/29254693/1505-1/tsp20260609121944/Apple-MacBook-Air-13-512-Go-D-32-Go-RAM-Puce-M5-CPU-10-coeurs-GPU-10-coeurs-Bleu-ciel.jpg,1699
"Apple MacBook Air 15"" 1 To SSD 32 Go RAM Puce M5 CPU 10 cœurs GPU 10 cœurs Minuit",https://static.fnac-static.com/multimedia/Images/FR/MDM/f9/63/be/29254649/1505-1/tsp20260609121944/Apple-MacBook-Air-15-1-To-D-32-Go-RAM-Puce-M5-CPU-10-coeurs-GPU-10-coeurs-Minuit.jpg,2249
"Apple MacBook Air 15"" 512 Go SSD 24 Go RAM Puce M5 CPU 10 cœurs GPU 10 cœurs Minuit",https://static.fnac-static.com/multimedia/Images/FR/MDM/24/64/be/29254692/1505-1/tsp20260609121944/Apple-MacBook-Air-15-512-Go-D-24-Go-RAM-Puce-M5-CPU-10-coeurs-GPU-10-coeurs-Minuit.jpg,1749
"Apple MacBook Air 15"" 2 To SSD 32 Go RAM Puce M5 CPU 10 cœurs GPU 10 cœurs Bleu ciel",https://static.fnac-static.com/multimedia/Images/FR/MDM/28/64/be/29254696/1505-1/tsp20260609121944/Apple-MacBook-Air-15-2-To-D-32-Go-RAM-Puce-M5-CPU-10-coeurs-GPU-10-coeurs-Bleu-ciel.jpg,2749
"Apple MacBook Air 13"" 2 To SSD 32 Go RAM Puce M5 CPU 10 cœurs GPU 10 cœurs Bleu ciel",https://static.fnac-static.com/multimedia/Images/FR/MDM/3e/64/be/29254718/1505-1/tsp20260609121944/Apple-MacBook-Air-13-2-To-D-32-Go-RAM-Puce-M5-CPU-10-coeurs-GPU-10-coeurs-Bleu-ciel.jpg,2449
"Apple MacBook Air 13"" 1 To SSD 32 Go RAM Puce M5 CPU 10 cœurs GPU 10 cœurs Bleu ciel",https://static.fnac-static.com/multimedia/Images/FR/MDM/26/64/be/29254694/1505-1/tsp20260609121944/Apple-MacBook-Air-13-1-To-D-32-Go-RAM-Puce-M5-CPU-10-coeurs-GPU-10-coeurs-Bleu-ciel.jpg,1949
"Apple MacBook Air 13"" 2 To SSD 32 Go RAM Puce M5 CPU 10 cœurs GPU 10 cœurs Minuit",https://static.fnac-static.com/multimedia/Images/FR/MDM/fa/63/be/29254650/1505-1/tsp20260507131703/Apple-MacBook-Air-13-2-To-D-32-Go-RAM-Puce-M5-CPU-10-coeurs-GPU-10-coeurs-Minuit.jpg,2449
"Apple MacBook Air 15"" 512 Go SSD 32 Go RAM Puce M5 CPU 10 cœurs GPU 10 cœurs Minuit",https://static.fnac-static.com/multimedia/Images/FR/MDM/f8/63/be/29254648/1505-1/tsp20260609121944/Apple-MacBook-Air-15-512-Go-D-32-Go-RAM-Puce-M5-CPU-10-coeurs-GPU-10-coeurs-Minuit.jpg,1999
"Apple MacBook Air 13"" 1 To SSD 32 Go RAM Puce M5 CPU 10 cœurs GPU 10 cœurs Minuit",https://static.fnac-static.com/multimedia/Images/FR/MDM/10/64/be/29254672/1505-1/tsp20260609121944/Apple-MacBook-Air-13-1-To-D-32-Go-RAM-Puce-M5-CPU-10-coeurs-GPU-10-coeurs-Minuit.jpg,1949
"Apple MacBook Air 15"" 2 To SSD 32 Go RAM Puce M5 CPU 10 cœurs GPU 10 cœurs Minuit",https://static.fnac-static.com/multimedia/Images/FR/MDM/11/64/be/29254673/1505-1/tsp20260507131703/Apple-MacBook-Air-15-2-To-D-32-Go-RAM-Puce-M5-CPU-10-coeurs-GPU-10-coeurs-Minuit.jpg,2749
"Apple MacBook Air 13"" 512 Go SSD 32 Go RAM Puce M5 CPU 10 cœurs GPU 10 cœurs Minuit",https://static.fnac-static.com/multimedia/Images/FR/MDM/0f/64/be/29254671/1505-1/tsp20260609121944/Apple-MacBook-Air-13-512-Go-D-32-Go-RAM-Puce-M5-CPU-10-coeurs-GPU-10-coeurs-Minuit.jpg,1699
"Apple MacBook Air 15"" 512 Go SSD 32 Go RAM Puce M5 CPU 10 cœurs GPU 10 cœurs Bleu ciel",https://static.fnac-static.com/multimedia/Images/FR/MDM/3d/64/be/29254717/1505-1/tsp20260609121944/Apple-MacBook-Air-15-512-Go-D-32-Go-RAM-Puce-M5-CPU-10-coeurs-GPU-10-coeurs-Bleu-ciel.jpg,1999
"Apple MacBook Air 15"" 1 To SSD 32 Go RAM Puce M5 CPU 10 cœurs GPU 10 cœurs Bleu ciel",https://static.fnac-static.com/multimedia/Images/FR/MDM/27/64/be/29254695/1505-1/tsp20260609121944/Apple-MacBook-Air-15-1-To-D-32-Go-RAM-Puce-M5-CPU-10-coeurs-GPU-10-coeurs-Bleu-ciel.jpg,2249
"Apple MacBook Air 15"" 512 Go SSD 24 Go RAM Puce M5 CPU 10 cœurs GPU 10 cœurs Bleu ciel",https://static.fnac-static.com/multimedia/Images/FR/MDM/0d/64/be/29254669/1505-1/tsp20260609121944/Apple-MacBook-Air-15-512-Go-D-24-Go-RAM-Puce-M5-CPU-10-coeurs-GPU-10-coeurs-Bleu-ciel.jpg,1749
"Apple iPad Air 11"" Puce Apple M4 256 Go 5G 8ème génération 2026 Mauve",https://static.fnac-static.com/multimedia/Images/FR/MDM/3a/14/b2/28447802/1505-1/tsp20260317144452/Apple-iPad-Air-11-Puce-Apple-M4-256-Go-5G-8eme-generation-2026-Mauve.jpg,969.99
"Apple iMac 24"" écran retina 4,5K 512 Go SSD 8 Go RAM Puce M3 CPU 8 cœurs GPU 10 cœurs Bleu Reconditionné",https://static.fnac-static.com/multimedia/Images/FR/MDM/d3/8b/b7/28806099/1505-1/tsp20260120082102/Apple-iMac-24-ecran-retina-4-5K-512-Go-D-8-Go-RAM-Puce-M3-CPU-8-coeurs-GPU-10-coeurs-Bleu-Reconditionne.jpg,1099
"Apple iPad 11"" A16 128 Go Bleu 5G 2025",https://static.fnac-static.com/multimedia/Images/FR/MDM/1e/22/fd/16589342/1505-1/tsp20260519115133/Apple-iPad-11-A16-128-Go-Bleu-5G-2025.jpg,559.99
"Apple iMac 24"" écran retina 4,5K 256Go SSD 16 Go RAM Puce M4 CPU 8 cœurs GPU 8 cœurs Rose",https://static.fnac-static.com/multimedia/Images/FR/MDM/78/4e/13/18042488/1505-1/tsp20251217131220/Apple-iMac-24-ecran-retina-4-5K-256Go-D-16-Go-RAM-Puce-M4-CPU-8-coeurs-GPU-8-coeurs-Rose.jpg,1499
"Apple MacBook Pro 16"" 4 To SSD 48 Go RAM Puce M5 Max CPU 18 cœurs GPU 40 cœurs Noir sidéral",https://static.fnac-static.com/multimedia/Images/FR/MDM/29/b2/a8/27832873/1505-1/tsp20260507131703/Apple-MacBook-Pro-16-4-To-D-48-Go-RAM-Puce-M5-Max-CPU-18-coeurs-GPU-40-coeurs-Noir-sideral.jpg,5749
"Apple MacBook Pro 16"" 1 To SSD 48 Go RAM Puce M5 Pro CPU 18 cœurs GPU 20 cœurs Argent",https://static.fnac-static.com/multimedia/Images/FR/MDM/6f/b2/a8/27832943/1505-1/tsp20260401114227/Apple-MacBook-Pro-16-1-To-D-48-Go-RAM-Puce-M5-Pro-CPU-18-coeurs-GPU-20-coeurs-Argent.jpg,3499
"Apple MacBook Neo 13"" 256 Go SSD 8 Go RAM Puce A18 Pro CPU 6 cœurs GPU 5 cœurs Argent",https://static.fnac-static.com/multimedia/Images/FR/MDM/32/b2/a8/27832882/1505-1/tsp20260527144003/Apple-MacBook-Neo-13-256-Go-D-8-Go-RAM-Puce-A18-Pro-CPU-6-coeurs-GPU-5-coeurs-Argent.jpg,699
"Apple MacBook Pro 16"" 2 To SSD 48 Go RAM Puce M5 Max CPU 18 cœurs GPU 40 cœurs Noir sidéral",https://static.fnac-static.com/multimedia/Images/FR/MDM/65/b2/a8/27832933/1505-1/tsp20260401110559/Apple-MacBook-Pro-16-2-To-D-48-Go-RAM-Puce-M5-Max-CPU-18-coeurs-GPU-40-coeurs-Noir-sideral.jpg,4999
"Apple MacBook Neo 13"" 256 Go SSD 8 Go RAM Puce A18 Pro CPU 6 cœurs GPU 5 cœurs Indigo",https://static.fnac-static.com/multimedia/Images/FR/MDM/30/b2/a8/27832880/1505-1/tsp20260527144003/Apple-MacBook-Neo-13-256-Go-D-8-Go-RAM-Puce-A18-Pro-CPU-6-coeurs-GPU-5-coeurs-Indigo.jpg,699
Apple Watch Series 11 GPS 42mm Boitier en Aluminium Argent avec Bracelet Sport Brume Violette - S/M,https://static.fnac-static.com/multimedia/Images/FR/MDM/47/78/b6/28735559/1505-1/tsp20260615145133/Apple-Watch-Series-11-GPS-42mm-Boitier-en-Aluminium-Argent-avec-Bracelet-Sport-Brume-Violette-S-M.jpg,449.99
"Apple MacBook Neo 13"" 512 Go SSD 8 Go RAM Puce A18 Pro CPU 6 cœurs GPU 5 cœurs Argent Touch ID",https://static.fnac-static.com/multimedia/Images/FR/MDM/31/b2/a8/27832881/1505-7/tsp20260527144003/Apple-MacBook-Neo-13-512-Go-D-8-Go-RAM-Puce-A18-Pro-CPU-6-coeurs-GPU-5-coeurs-Argent-Touch-ID.jpg,799
Apple MacBook Pro 14'' 1 To SSD 24 Go RAM Puce M5 CPU 10 Cœurs GPU 10 Cœurs Noir sidéral,https://static.fnac-static.com/multimedia/Images/FR/MDM/5c/b2/a8/27832924/1505-1/tsp20260410084542/Apple-MacBook-Pro-14-1-To-D-24-Go-RAM-Puce-M5-CPU-10-Coeurs-GPU-10-Coeurs-Noir-sideral.jpg,2149
Apple MacBook Pro 14'' 1 To SSD 24 Go RAM Puce M5 CPU 10 Cœurs GPU 10 Cœurs Argent,https://static.fnac-static.com/multimedia/Images/FR/MDM/2c/b2/a8/27832876/1505-1/tsp20260529141428/Apple-MacBook-Pro-14-1-To-D-24-Go-RAM-Puce-M5-CPU-10-Coeurs-GPU-10-Coeurs-Argent.jpg,2149
"Apple iMac 24"" écran retina 4,5K 256Go 16 Go RAM Puce M4 CPU 8 cœurs GPU 8 cœurs Vert",https://static.fnac-static.com/multimedia/Images/FR/MDM/a6/4e/13/18042534/1505-1/tsp20251217131927/Apple-iMac-24-ecran-retina-4-5K-256Go-16-Go-RAM-Puce-M4-CPU-8-coeurs-GPU-8-coeurs-Vert.jpg,1499
"Apple iPad Air 11"" Puce Apple M4 256 Go 5G 8ème génération 2026 Lumière Stellaire",https://static.fnac-static.com/multimedia/Images/FR/MDM/22/14/b2/28447778/1505-1/tsp20260317144452/Apple-iPad-Air-11-Puce-Apple-M4-256-Go-5G-8eme-generation-2026-Lumiere-Stellaire.jpg,969.99
"Apple iPad Pro 11"" Puce Apple M5 512 Go Argent 5G 8ème génération 2025",https://static.fnac-static.com/multimedia/Images/FR/MDM/56/92/6b/23827030/1505-1/tsp20260519120557/Apple-iPad-Pro-11-Puce-Apple-M5-512-Go-Argent-5G-8eme-generation-2025.jpg,1619.99
Apple Watch Ultra 3 GPS + Cellular 49mm Boitier en Titane Naturel avec Bracelet Milanais en titane naturel Small,https://static.fnac-static.com/multimedia/Images/FR/MDM/9b/78/b6/28735643/1505-1/tsp20260522090207/Apple-Watch-Ultra-3-GPS-Cellular-49mm-Boitier-en-Titane-Naturel-avec-Bracelet-Milanais-en-titane-naturel-Small.jpg,999.99
"Apple MacBook Air 13"" 1 To SSD 24 Go RAM Puce M5 CPU 10 cœurs GPU 10 cœurs Minuit",https://static.fnac-static.com/multimedia/Images/FR/MDM/6e/94/a3/27497582/1505-1/tsp20260321140556/Apple-MacBook-Air-13-1-To-D-24-Go-RAM-Puce-M5-CPU-10-coeurs-GPU-10-coeurs-Minuit.jpg,1699
"Apple MacBook Air 13"" 512 Go SSD 16 Go RAM Puce M5 CPU 10 cœurs GPU 8 cœurs Bleu ciel",https://static.fnac-static.com/multimedia/Images/FR/MDM/90/94/a3/27497616/1505-1/tsp20260516144703/Apple-MacBook-Air-13-512-Go-D-16-Go-RAM-Puce-M5-CPU-10-coeurs-GPU-8-coeurs-Bleu-ciel.jpg,1199
Apple Watch Series 11 GPS 42mm Boitier en Aluminium Argent avec Bracelet Sport Brume Violette - M/L,https://static.fnac-static.com/multimedia/Images/FR/MDM/5c/78/b6/28735580/1505-1/tsp20260615145133/Apple-Watch-Series-11-GPS-42mm-Boitier-en-Aluminium-Argent-avec-Bracelet-Sport-Brume-Violette-M-L.jpg,449.99
Apple Watch SE 3 GPS 40mm Boitier en Aluminium Lumiere Stellaire avec Bracelet Sport Lumiere Stellaire S/M,https://static.fnac-static.com/multimedia/Images/FR/MDM/2c/86/b6/28739116/1505-1/tsp20260615145758/Apple-Watch-SE-3-GPS-40mm-Boitier-en-Aluminium-Lumiere-Stellaire-avec-Bracelet-Sport-Lumiere-Stellaire-S-M.jpg,269.99
Etui Apple Smart Folio pour iPad mini (A17 Pro) Anthracite,https://static.fnac-static.com/multimedia/Images/FR/MDM/57/72/03/17003095/1505-1/tsp20260323173347/Etui-Apple-Smart-Folio-pour-iPad-mini-A17-Pro-Anthracite.jpg,69.99
"Apple iPad Pro 13"" Puce Apple M4 2 To Argent 5G Nano-texturé 7ème génération 2024",https://static.fnac-static.com/multimedia/Images/FR/MDM/9e/4f/13/18042782/1505-1/tsp20260216133203/Apple-iPad-Pro-13-Puce-Apple-M4-2-To-Argent-5G-Nano-texture-7eme-generation-2024.jpg,3159.99
Etui Apple Smart Folio pour iPad mini (A17 Pro) Denim,https://static.fnac-static.com/multimedia/Images/FR/MDM/59/72/03/17003097/1505-1/tsp20260323173347/Etui-Apple-Smart-Folio-pour-iPad-mini-A17-Pro-Denim.jpg,69.99
"Apple MacBook Air 13"" 1 To SSD 24 Go RAM Puce M5 CPU 10 cœurs GPU 10 cœurs Lumière stellaire",https://static.fnac-static.com/multimedia/Images/FR/MDM/a0/92/6b/23827104/1505-1/tsp20260321140556/Apple-MacBook-Air-13-1-To-D-24-Go-RAM-Puce-M5-CPU-10-coeurs-GPU-10-coeurs-Lumiere-stellaire.jpg,1699
"Apple MacBook Air 15"" 512 Go SSD 16 Go RAM Puce M5 CPU 10 cœurs GPU 10 cœurs Argent",https://static.fnac-static.com/multimedia/Images/FR/MDM/92/94/a3/27497618/1505-1/tsp20260321140556/Apple-MacBook-Air-15-512-Go-D-16-Go-RAM-Puce-M5-CPU-10-coeurs-GPU-10-coeurs-Argent.jpg,1499
Apple Watch SE 3 GPS 40mm Boitier en Aluminium Lumiere Stellaire avec Bracelet Sport Lumiere Stellaire M/L,https://static.fnac-static.com/multimedia/Images/FR/MDM/2b/86/b6/28739115/1505-1/tsp20260615145758/Apple-Watch-SE-3-GPS-40mm-Boitier-en-Aluminium-Lumiere-Stellaire-avec-Bracelet-Sport-Lumiere-Stellaire-M-L.jpg,269
Apple Watch SE 3 GPS 40mm Boitier en Aluminium Minuit avec Bracelet Sport Minuit M/L,https://static.fnac-static.com/multimedia/Images/FR/MDM/bb/85/b6/28739003/1505-1/tsp20260615145133/Apple-Watch-SE-3-GPS-40mm-Boitier-en-Aluminium-Minuit-avec-Bracelet-Sport-Minuit-M-L.jpg,269.99
"Apple iPad Air 11"" Puce Apple M4 128 Go 5G 8ème génération 2026 Gris sidéral",https://static.fnac-static.com/multimedia/Images/FR/MDM/21/14/b2/28447777/1505-1/tsp20260317144452/Apple-iPad-Air-11-Puce-Apple-M4-128-Go-5G-8eme-generation-2026-Gris-sideral.jpg,839.99
"Apple MacBook Neo 13"" 256 Go SSD 8 Go RAM Puce A18 Pro CPU 6 cœurs GPU 5 cœurs Rose poudré",https://static.fnac-static.com/multimedia/Images/FR/MDM/dd/8b/be/29264861/1505-1/tsp20260527144003/Apple-MacBook-Neo-13-256-Go-D-8-Go-RAM-Puce-A18-Pro-CPU-6-coeurs-GPU-5-coeurs-Rose-poudre.jpg,699
"Apple iPad Pro 11"" 256 Go Gris sidéral Wi-Fi 1ère génération 2018 Reconditionné par Lagoona",https://static.fnac-static.com/multimedia/Images/FR/MDM/ba/29/bf/29305274/1505-1/tsp20260417190346/Apple-iPad-Pro-11-256-Go-Gris-sideral-Wi-Fi-1ere-generation-2018-Reconditionne-par-Lagoona.jpg,359
Apple Watch Ultra 3 GPS + Cellular 49mm Boitier en Titane Naturel avec Boucle Alpine bleu clair Large,https://static.fnac-static.com/multimedia/Images/FR/MDM/7d/78/b6/28735613/1505-1/tsp20260522090207/Apple-Watch-Ultra-3-GPS-Cellular-49mm-Boitier-en-Titane-Naturel-avec-Boucle-Alpine-bleu-clair-Large.jpg,899.99
"Apple iPad 11"" A16 256 Go Bleu 5G 2025",https://static.fnac-static.com/multimedia/Images/FR/MDM/20/22/fd/16589344/1505-1/tsp20260519115133/Apple-iPad-11-A16-256-Go-Bleu-5G-2025.jpg,689.99
Apple Watch Series 11 GPS + Cellular 46mm Boitier en Titane Ardoise avec Bracelet Sport Noir S/M,https://static.fnac-static.com/multimedia/Images/FR/MDM/38/78/b6/28735544/1505-1/tsp20260522090207/Apple-Watch-Series-11-GPS-Cellular-46mm-Boitier-en-Titane-Ardoise-avec-Bracelet-Sport-Noir-S-M.jpg,849.99
"Apple MacBook Pro 16"" 512 Go SSD 32 Go RAM Intel® Core™ i9 Gris sidéral 2019 Reconditionné",https://static.fnac-static.com/multimedia/Images/FR/MDM/5f/62/c4/29647455/1505-1/tsp20260609132956/Apple-MacBook-Pro-16-512-Go-D-32-Go-RAM-Intel-Core-i9-Gris-sideral-2019-Reconditionne.jpg,679
"Apple iPad Pro 13"" Puce Apple M5 1 To Noir Sidéral Wi-Fi 8ème génération 2025",https://static.fnac-static.com/multimedia/Images/FR/MDM/06/92/6b/23826950/1505-1/tsp20260603172450/Apple-iPad-Pro-13-Puce-Apple-M5-1-To-Noir-Sideral-Wi-Fi-8eme-generation-2025.jpg,2199.99
"Apple iPad Air 11"" Puce Apple M4 128 Go 5G 8ème génération 2026 Bleu",https://static.fnac-static.com/multimedia/Images/FR/MDM/4f/14/b2/28447823/1505-1/tsp20260317144452/Apple-iPad-Air-11-Puce-Apple-M4-128-Go-5G-8eme-generation-2026-Bleu.jpg,839.99
Apple Watch Series 11 GPS + Cellular 46mm Boitier en Aluminium Argent avec Bracelet Sport Brume Violette S/M,https://static.fnac-static.com/multimedia/Images/FR/MDM/3b/78/b6/28735547/1505-1/tsp20260522090207/Apple-Watch-Series-11-GPS-Cellular-46mm-Boitier-en-Aluminium-Argent-avec-Bracelet-Sport-Brume-Violette-S-M.jpg,599.99
"Apple iPad 11"" A16 256 Go Argent Wifi 2025",https://static.fnac-static.com/multimedia/Images/FR/MDM/3c/22/fd/16589372/1505-1/tsp20260616101347/Apple-iPad-11-A16-256-Go-Argent-Wifi-2025.jpg,519.99
"Apple MacBook Air 13"" 512 Go SSD 16 Go RAM Puce M5 CPU 10 cœurs GPU 8 cœurs Minuit",https://static.fnac-static.com/multimedia/Images/FR/MDM/21/92/6b/23826977/1505-1/tsp20260518143658/Apple-MacBook-Air-13-512-Go-D-16-Go-RAM-Puce-M5-CPU-10-coeurs-GPU-8-coeurs-Minuit.jpg,1199
"Apple MacBook Air 15"" 512 Go SSD 16 Go RAM Puce M5 CPU 10 cœurs GPU 10 cœurs Minuit",https://static.fnac-static.com/multimedia/Images/FR/MDM/3d/b2/a8/27832893/1505-1/tsp20260518143658/Apple-MacBook-Air-15-512-Go-D-16-Go-RAM-Puce-M5-CPU-10-coeurs-GPU-10-coeurs-Minuit.jpg,1499
"Apple MacBook Air 13"" 512 Go SSD 16 Go RAM Puce M5 CPU 10 cœurs GPU 8 cœurs Lumière stellaire",https://static.fnac-static.com/multimedia/Images/FR/MDM/9f/92/6b/23827103/1505-1/tsp20260325140600/Apple-MacBook-Air-13-512-Go-D-16-Go-RAM-Puce-M5-CPU-10-coeurs-GPU-8-coeurs-Lumiere-stellaire.jpg,1199
Apple Watch Series 11 GPS + Cellular 42mm Boitier en Aluminium Or Rose avec Bracelet Sport Rose Tendre S/M,https://static.fnac-static.com/multimedia/Images/FR/MDM/57/78/b6/28735575/1505-1/tsp20260522090207/Apple-Watch-Series-11-GPS-Cellular-42mm-Boitier-en-Aluminium-Or-Rose-avec-Bracelet-Sport-Rose-Tendre-S-M.jpg,569.99
"Housse Tablette Apple Magic Keyboard anglais international pour iPad Air 11"" M3 Noir",https://static.fnac-static.com/multimedia/Images/FR/MDM/ca/49/b8/28854730/1505-1/tsp20260510033135/Houe-Tablette-Apple-Magic-Keyboard-anglais-international-pour-iPad-Air-11-M3-Noir.jpg,329.99
Apple Watch Series 11 GPS 46mm Boitier en Aluminium Gris Sidéral avec Bracelet Sport Noir - S/M,https://static.fnac-static.com/multimedia/Images/FR/MDM/45/78/b6/28735557/1505-1/tsp20260615145133/Apple-Watch-Series-11-GPS-46mm-Boitier-en-Aluminium-Gris-Sideral-avec-Bracelet-Sport-Noir-S-M.jpg,479.99
Apple Watch Ultra 3 GPS + Cellular 49mm Boitier en Titane Naturel avec Boucle Alpine bleu clair Small,https://static.fnac-static.com/multimedia/Images/FR/MDM/51/78/b6/28735569/1505-1/tsp20260522090207/Apple-Watch-Ultra-3-GPS-Cellular-49mm-Boitier-en-Titane-Naturel-avec-Boucle-Alpine-bleu-clair-Small.jpg,899.99
Apple Watch Series 11 GPS + Cellular 42mm Boitier en Aluminium Noir de Jais avec Bracelet Sport Noir S/M,https://static.fnac-static.com/multimedia/Images/FR/MDM/42/78/b6/28735554/1505-1/tsp20260522090207/Apple-Watch-Series-11-GPS-Cellular-42mm-Boitier-en-Aluminium-Noir-de-Jais-avec-Bracelet-Sport-Noir-S-M.jpg,569.99
Apple Watch Ultra 3 GPS + Cellular 49mm Boitier en Titane Naturel avec Bracelet Océan bleu maritime,https://static.fnac-static.com/multimedia/Images/FR/MDM/52/78/b6/28735570/1505-1/tsp20260522090207/Apple-Watch-Ultra-3-GPS-Cellular-49mm-Boitier-en-Titane-Naturel-avec-Bracelet-Ocean-bleu-maritime.jpg,899.99
Apple Watch Series 11 GPS 42mm Boitier en Aluminium Or Rose avec Bracelet Sport Rose Tendre M/L,https://static.fnac-static.com/multimedia/Images/FR/MDM/92/78/b6/28735634/1505-1/tsp20260615145133/Apple-Watch-Series-11-GPS-42mm-Boitier-en-Aluminium-Or-Rose-avec-Bracelet-Sport-Rose-Tendre-M-L.jpg,449.99
Apple Watch SE 3 GPS + Cellular 40mm Boitier en Aluminium Lumiere Stellaire avec Bracelet Sport Lumiere Stellaire - M/L,https://static.fnac-static.com/multimedia/Images/FR/MDM/29/86/b6/28739113/1505-1/tsp20260522090725/Apple-Watch-SE-3-GPS-Cellular-40mm-Boitier-en-Aluminium-Lumiere-Stellaire-avec-Bracelet-Sport-Lumiere-Stellaire-M-L.jpg,319.99
Apple Watch SE 3 GPS + Cellular 44mm Boitier en Aluminium Minuit avec Bracelet Sport Minuit M/L,https://static.fnac-static.com/multimedia/Images/FR/MDM/27/86/b6/28739111/1505-1/tsp20260522090725/Apple-Watch-SE-3-GPS-Cellular-44mm-Boitier-en-Aluminium-Minuit-avec-Bracelet-Sport-Minuit-M-L.jpg,349.99
Apple Watch Series 11 GPS + Cellular 42mm Boitier en Aluminium Noir de Jais avec Bracelet Sport Noir - M/L,https://static.fnac-static.com/multimedia/Images/FR/MDM/59/78/b6/28735577/1505-1/tsp20260522090207/Apple-Watch-Series-11-GPS-Cellular-42mm-Boitier-en-Aluminium-Noir-de-Jais-avec-Bracelet-Sport-Noir-M-L.jpg,569.99
Apple Watch SE 3 GPS + Cellular 40mm Boitier en Aluminium Minuit avec Bracelet Sport Minuit S/M,https://static.fnac-static.com/multimedia/Images/FR/MDM/28/86/b6/28739112/1505-1/tsp20260522090725/Apple-Watch-SE-3-GPS-Cellular-40mm-Boitier-en-Aluminium-Minuit-avec-Bracelet-Sport-Minuit-S-M.jpg,319.99
Apple Watch SE 3 GPS + Cellular 44mm Boitier en Aluminium Minuit avec Bracelet Sport Minuit S/M,https://static.fnac-static.com/multimedia/Images/FR/MDM/42/86/b6/28739138/1505-1/tsp20260522090725/Apple-Watch-SE-3-GPS-Cellular-44mm-Boitier-en-Aluminium-Minuit-avec-Bracelet-Sport-Minuit-S-M.jpg,349.99
Apple Watch Series 11 GPS 42mm Boitier en Aluminium Noir de Jais avec Bracelet Sport Noir - M/L,https://static.fnac-static.com/multimedia/Images/FR/MDM/9c/85/b6/28738972/1505-1/tsp20260615145133/Apple-Watch-Series-11-GPS-42mm-Boitier-en-Aluminium-Noir-de-Jais-avec-Bracelet-Sport-Noir-M-L.jpg,449.99
Apple Watch SE 3 GPS + Cellular 40mm Boitier en Aluminium Lumiere Stellaire avec Bracelet Sport Lumiere Stellaire - S/M,https://static.fnac-static.com/multimedia/Images/FR/MDM/45/86/b6/28739141/1505-1/tsp20260522090725/Apple-Watch-SE-3-GPS-Cellular-40mm-Boitier-en-Aluminium-Lumiere-Stellaire-avec-Bracelet-Sport-Lumiere-Stellaire-S-M.jpg,319.99
"Apple iMac 24"" 512 Go SSD 16 Go RAM Puce M1 CPU 8 cœurs GPU 8 cœurs Argent 2021 Reconditionné",https://static.fnac-static.com/multimedia/Images/FR/MDM/20/85/be/29263136/1505-1/tsp20260609122219/Apple-iMac-24-512-Go-D-16-Go-RAM-Puce-M1-CPU-8-coeurs-GPU-8-coeurs-Argent-2021-Reconditionne.jpg,899.0
Chargeur Magnétique Apple pour Apple Watch USB C Blanc,https://static.fnac-static.com/multimedia/Images/FR/MDM/5b/f0/52/22212699/1505-1/tsp20260127092453/Chargeur-Magnetique-Apple-pour-Apple-Watch-USB-C-Blanc.jpg,29.99
"Apple MacBook Neo 13"" 256 Go SSD 8 Go RAM Puce A18 Pro CPU 6 cœurs GPU 5 cœurs Jaune Agrume",https://static.fnac-static.com/multimedia/Images/FR/MDM/61/b2/a8/27832929/1505-1/tsp20260527144003/Apple-MacBook-Neo-13-256-Go-D-8-Go-RAM-Puce-A18-Pro-CPU-6-coeurs-GPU-5-coeurs-Jaune-Agrume.jpg,699
"Apple iMac 24"" 256 Go SSD 8 Go RAM Puce M3 CPU 8 cœurs GPU 8 cœurs Vert 2023 Reconditionné",https://static.fnac-static.com/multimedia/Images/FR/MDM/d6/f4/bf/29357270/1505-1/tsp20260617111850/Apple-iMac-24-256-Go-D-8-Go-RAM-Puce-M3-CPU-8-coeurs-GPU-8-coeurs-Vert-2023-Reconditionne.jpg,949
"Apple MacBook Air 13"" 256 Go SSD 8 Go RAM Puce Apple M1 Gris 2020 Reconditionné",https://static.fnac-static.com/multimedia/Images/FR/MDM/ae/76/c4/29652654/1505-1/tsp20260617111850/Apple-MacBook-Air-13-256-Go-D-8-Go-RAM-Puce-Apple-M1-Gris-2020-Reconditionne.jpg,519
"Apple MacBook Air 13"" 512 Go SSD 16 Go RAM Puce M5 CPU 10 cœurs GPU 8 cœurs Argent",https://static.fnac-static.com/multimedia/Images/FR/MDM/20/92/6b/23826976/1505-1/tsp20260325140600/Apple-MacBook-Air-13-512-Go-D-16-Go-RAM-Puce-M5-CPU-10-coeurs-GPU-8-coeurs-Argent.jpg,1199
"Apple MacBook Pro 16"" 4 To SSD 48 Go RAM Puce M5 Pro CPU 18 cœurs GPU 20 cœurs Noir sidéral",https://static.fnac-static.com/multimedia/Images/FR/MDM/aa/94/a3/27497642/1505-1/tsp20260507131703/Apple-MacBook-Pro-16-4-To-D-48-Go-RAM-Puce-M5-Pro-CPU-18-coeurs-GPU-20-coeurs-Noir-sideral.jpg,4749
Apple Watch Series 11 GPS + Cellular 46mm Boitier en Titane Naturel avec Bracelet Sport Gris Minéral S/M,https://static.fnac-static.com/multimedia/Images/FR/MDM/84/78/b6/28735620/1505-1/tsp20260522090207/Apple-Watch-Series-11-GPS-Cellular-46mm-Boitier-en-Titane-Naturel-avec-Bracelet-Sport-Gris-Mineral-S-M.jpg,849.99
Apple Watch Series 11 GPS + Cellular 42mm Boitier en Titane Ardoise avec Bracelet Sport Noir M/L,https://static.fnac-static.com/multimedia/Images/FR/MDM/3e/78/b6/28735550/1505-1/tsp20260522090207/Apple-Watch-Series-11-GPS-Cellular-42mm-Boitier-en-Titane-Ardoise-avec-Bracelet-Sport-Noir-M-L.jpg,799.99
"Apple MacBook Air 13"" 128 Go SSD 8 Go RAM Puce Apple M1 Gris 2020 Reconditionné",https://static.fnac-static.com/multimedia/Images/FR/MDM/af/76/c4/29652655/1505-1/tsp20260615171539/Apple-MacBook-Air-13-128-Go-D-8-Go-RAM-Puce-Apple-M1-Gris-2020-Reconditionne.jpg,699
"Apple iPad Pro 13"" Puce Apple M5 1 To Noir Sidéral Wi-Fi Nano-texturé 8ème génération 2025",https://static.fnac-static.com/multimedia/Images/FR/MDM/11/92/6b/23826961/1505-1/tsp20260519120557/Apple-iPad-Pro-13-Puce-Apple-M5-1-To-Noir-Sideral-Wi-Fi-Nano-texture-8eme-generation-2025.jpg,2329.99
"Apple iPad Pro 13"" Puce Apple M5 1 To Argent Wi-Fi Nano-texturé 8ème génération 2025",https://static.fnac-static.com/multimedia/Images/FR/MDM/5e/92/6b/23827038/1505-1/tsp20260603172450/Apple-iPad-Pro-13-Puce-Apple-M5-1-To-Argent-Wi-Fi-Nano-texture-8eme-generation-2025.jpg,2329.99
"Apple iPad Air 11"" Puce Apple M4 512 Go Wifi 8ème génération 2026 Gris sidéral",https://static.fnac-static.com/multimedia/Images/FR/MDM/05/14/b2/28447749/1505-1/tsp20260611174238/Apple-iPad-Air-11-Puce-Apple-M4-512-Go-Wifi-8eme-generation-2026-Gris-sideral.jpg,1049.99
Apple Watch Ultra 3 GPS + Cellular 49mm Boitier en Titane Noir avec Bracelet Océan noir,https://static.fnac-static.com/multimedia/Images/FR/MDM/9a/78/b6/28735642/1505-1/tsp20260522090207/Apple-Watch-Ultra-3-GPS-Cellular-49mm-Boitier-en-Titane-Noir-avec-Bracelet-Ocean-noir.jpg,899.99
Bracelet Milanais Apple 40 mm Or pour Watch,https://static.fnac-static.com/multimedia/Images/FR/MDM/ba/31/bc/29110714/1505-1/tsp20260120172404/Bracelet-Milanais-Apple-40-mm-Or-pour-Watch.jpg,99.99
"Apple iMac 24"" écran retina 4,5K 256Go 16 Go RAM Puce M4 CPU 10 cœurs GPU 10 cœurs Argent",https://static.fnac-static.com/multimedia/Images/FR/MDM/ab/4e/13/18042539/1505-1/tsp20260403144042/Apple-iMac-24-ecran-retina-4-5K-256Go-16-Go-RAM-Puce-M4-CPU-10-coeurs-GPU-10-coeurs-Argent.jpg,1749
"Apple iMac 24"" écran retina 4,5K 512Go SSD 24 Go RAM Puce M4 CPU 10 cœurs GPU 10 cœurs Argent",https://static.fnac-static.com/multimedia/Images/FR/MDM/a9/4e/13/18042537/1505-1/tsp20260403144042/Apple-iMac-24-ecran-retina-4-5K-512Go-D-24-Go-RAM-Puce-M4-CPU-10-coeurs-GPU-10-coeurs-Argent.jpg,2249
"Apple iPad Air 11"" Puce Apple M4 512 Go Wifi 8ème génération 2026 Lumière Stellaire",https://static.fnac-static.com/multimedia/Images/FR/MDM/36/14/b2/28447798/1505-1/tsp20260317144452/Apple-iPad-Air-11-Puce-Apple-M4-512-Go-Wifi-8eme-generation-2026-Lumiere-Stellaire.jpg,1049.99
Apple Watch Series 11 GPS 42mm Boitier en Aluminium Gris Sidéral avec Bracelet Sport Noir - M/L,https://static.fnac-static.com/multimedia/Images/FR/MDM/41/86/b6/28739137/1505-1/tsp20260615145758/Apple-Watch-Series-11-GPS-42mm-Boitier-en-Aluminium-Gris-Sideral-avec-Bracelet-Sport-Noir-M-L.jpg,449.99
Apple Watch Series 11 GPS 42mm Boitier en Aluminium Gris Sidéral avec Bracelet Sport Noir S/M,https://static.fnac-static.com/multimedia/Images/FR/MDM/9b/85/b6/28738971/1505-1/tsp20260615145133/Apple-Watch-Series-11-GPS-42mm-Boitier-en-Aluminium-Gris-Sideral-avec-Bracelet-Sport-Noir-S-M.jpg,449.99
"Apple MacBook Air 13"" 128 Go SSD 8 Go RAM Intel® Core™ i5 Argent 2019 Reconditionné",https://static.fnac-static.com/multimedia/Images/FR/MDM/7b/35/be/29242747/1505-1/tsp20260327180955/Apple-MacBook-Air-13-128-Go-D-8-Go-RAM-Intel-Core-i5-Argent-2019-Reconditionne.jpg,399.0
"Apple iPad Pro 13"" Puce Apple M5 1 To Argent Wi-Fi 8ème génération 2025",https://static.fnac-static.com/multimedia/Images/FR/MDM/53/92/6b/23827027/1505-1/tsp20260519120557/Apple-iPad-Pro-13-Puce-Apple-M5-1-To-Argent-Wi-Fi-8eme-generation-2025.jpg,2199.99
Apple Watch Ultra 3 GPS + Cellular 49mm Boitier en Titane Naturel avec Boucle Trail bleu/bleu vif S/M,https://static.fnac-static.com/multimedia/Images/FR/MDM/9c/78/b6/28735644/1505-1/tsp20260522090207/Apple-Watch-Ultra-3-GPS-Cellular-49mm-Boitier-en-Titane-Naturel-avec-Boucle-Trail-bleu-bleu-vif-S-M.jpg,899.99
"Apple MacBook Air 13"" 512 Go SSD 24 Go RAM Puce M5 CPU 10 cœurs GPU 10 cœurs Bleu ciel",https://static.fnac-static.com/multimedia/Images/FR/MDM/f6/63/be/29254646/1505-1/tsp20260609121944/Apple-MacBook-Air-13-512-Go-D-24-Go-RAM-Puce-M5-CPU-10-coeurs-GPU-10-coeurs-Bleu-ciel.jpg,1449
"Apple MacBook Air 13"" 1 To SSD 16 Go RAM Puce M5 CPU 10 cœurs GPU 10 cœurs Minuit",https://static.fnac-static.com/multimedia/Images/FR/MDM/98/92/6b/23827096/1505-1/tsp20260321140556/Apple-MacBook-Air-13-1-To-D-16-Go-RAM-Puce-M5-CPU-10-coeurs-GPU-10-coeurs-Minuit.jpg,1449
Apple MacBook Air 13'' 256 Go SSD 8 Go RAM Puce M1 CPU 8 cœurs GPU 7 cœurs Gris sidéral 2020 Reconditionné par Lagoona Grade A,https://static.fnac-static.com/multimedia/Images/FR/MDM/f0/b8/4a/21674224/1505-1/tsp20260220174943/Apple-MacBook-Air-13-256-Go-D-8-Go-RAM-Puce-M1-CPU-8-coeurs-GPU-7-coeurs-Gris-sideral-2020-Reconditionne-par-Lagoona-Grade-A.jpg,549.0
"Apple MacBook Air 13"" 256 Go SSD 8 Go RAM Puce M1 CPU 8 cœurs GPU 7 cœurs Gris Sidéral 2020 Reconditionné Lagoona",https://static.fnac-static.com/multimedia/Images/FR/MDM/ad/db/bb/29088685/1505-1/tsp20260210031213/Apple-MacBook-Air-13-256-Go-D-8-Go-RAM-Puce-M1-CPU-8-coeurs-GPU-7-coeurs-Gris-Sideral-2020-Reconditionne-Lagoona.jpg,469
"Apple iMac 24"" écran retina 4,5K 256 Go SSD 8 Go RAM Puce M3 CPU 8 cœurs GPU 10 cœurs Bleu Reconditionné",https://static.fnac-static.com/multimedia/Images/FR/MDM/d4/8b/b7/28806100/1505-1/tsp20260120082102/Apple-iMac-24-ecran-retina-4-5K-256-Go-D-8-Go-RAM-Puce-M3-CPU-8-coeurs-GPU-10-coeurs-Bleu-Reconditionne.jpg,999
"Apple MacBook Pro 16"" 2 To SSD 64 Go RAM Puce M5 Max CPU 18 cœurs GPU 40 cœurs Noir sidéral",https://static.fnac-static.com/multimedia/Images/FR/MDM/5b/b2/a8/27832923/1505-1/tsp20260609115339/Apple-MacBook-Pro-16-2-To-D-64-Go-RAM-Puce-M5-Max-CPU-18-coeurs-GPU-40-coeurs-Noir-sideral.jpg,5249
Apple MacBook Pro 14'' 1 To SSD 16 Go RAM Puce M5 CPU 10 Cœurs GPU 10 Cœurs Noir sidéral,https://static.fnac-static.com/multimedia/Images/FR/MDM/5d/b2/a8/27832925/1505-1/tsp20260516144703/Apple-MacBook-Pro-14-1-To-D-16-Go-RAM-Puce-M5-CPU-10-Coeurs-GPU-10-Coeurs-Noir-sideral.jpg,1899
"Apple MacBook Pro 14"" 1 To SSD 48 Go RAM Puce M5 Pro CPU 15 cœurs GPU 16 cœurs Noir sidéral",https://static.fnac-static.com/multimedia/Images/FR/MDM/28/b2/a8/27832872/1505-1/tsp20260609115024/Apple-MacBook-Pro-14-1-To-D-48-Go-RAM-Puce-M5-Pro-CPU-15-coeurs-GPU-16-coeurs-Noir-sideral.jpg,2999
"Apple MacBook Neo 13"" 512 Go SSD 8 Go RAM Puce A18 Pro CPU 6 cœurs GPU 5 cœurs Jaune Agrume Touch ID",https://static.fnac-static.com/multimedia/Images/FR/MDM/60/b2/a8/27832928/1505-1/tsp20260527144003/Apple-MacBook-Neo-13-512-Go-D-8-Go-RAM-Puce-A18-Pro-CPU-6-coeurs-GPU-5-coeurs-Jaune-Agrume-Touch-ID.jpg,799
"Apple MacBook Pro 16"" 1 To SSD 24 Go RAM Puce M5 Pro CPU 18 cœurs GPU 20 cœurs Argent",https://static.fnac-static.com/multimedia/Images/FR/MDM/67/b2/a8/27832935/1505-1/tsp20260401114227/Apple-MacBook-Pro-16-1-To-D-24-Go-RAM-Puce-M5-Pro-CPU-18-coeurs-GPU-20-coeurs-Argent.jpg,2999
"Apple iPad 11"" A16 128 Go Rose 5G 2025",https://static.fnac-static.com/multimedia/Images/FR/MDM/1f/22/fd/16589343/1505-1/tsp20260519115133/Apple-iPad-11-A16-128-Go-Rose-5G-2025.jpg,559.99
"Apple iMac 24"" écran retina 4,5K 256Go 16 Go RAM Puce M4 CPU 10 cœurs GPU 10 cœurs Rose",https://static.fnac-static.com/multimedia/Images/FR/MDM/a4/4e/13/18042532/1505-1/tsp20260403144042/Apple-iMac-24-ecran-retina-4-5K-256Go-16-Go-RAM-Puce-M4-CPU-10-coeurs-GPU-10-coeurs-Rose.jpg,1749
"Apple iMac 24"" écran retina 4,5K 256Go 16 Go RAM Puce M4 CPU 10 cœurs GPU 10 cœurs Vert",https://static.fnac-static.com/multimedia/Images/FR/MDM/aa/4e/13/18042538/1505-1/tsp20260403144042/Apple-iMac-24-ecran-retina-4-5K-256Go-16-Go-RAM-Puce-M4-CPU-10-coeurs-GPU-10-coeurs-Vert.jpg,1749
Apple MacBook Air 13'' 256 Go SSD 8 Go RAM Puce M1 CPU 8 cœurs GPU 7 cœurs Argent 2020 Reconditionné par Lagoona Grade A,https://static.fnac-static.com/multimedia/Images/FR/MDM/17/90/4a/21663767/1505-1/tsp20260220174943/Apple-MacBook-Air-13-256-Go-D-8-Go-RAM-Puce-M1-CPU-8-coeurs-GPU-7-coeurs-Argent-2020-Reconditionne-par-Lagoona-Grade-A.jpg,799.0
"Apple iPad Pro 11"" Puce Apple M5 256 Go Noir Sidéral 5G 8ème génération 2025",https://static.fnac-static.com/multimedia/Images/FR/MDM/14/92/6b/23826964/1505-1/tsp20260519120557/Apple-iPad-Pro-11-Puce-Apple-M5-256-Go-Noir-Sideral-5G-8eme-generation-2025.jpg,1369.99
Apple Watch Series 11 GPS + Cellular 46mm Boitier en Aluminium Or Rose avec Bracelet Sport Rose Tendre M/L,https://static.fnac-static.com/multimedia/Images/FR/MDM/a1/78/b6/28735649/1505-1/tsp20260522090207/Apple-Watch-Series-11-GPS-Cellular-46mm-Boitier-en-Aluminium-Or-Rose-avec-Bracelet-Sport-Rose-Tendre-M-L.jpg,599.99
"Apple MacBook Neo 13"" 512 Go SSD 8 Go RAM Puce A18 Pro CPU 6 cœurs GPU 5 cœurs Indigo Touch ID",https://static.fnac-static.com/multimedia/Images/FR/MDM/2f/b2/a8/27832879/1505-1/tsp20260527150947/Apple-MacBook-Neo-13-512-Go-D-8-Go-RAM-Puce-A18-Pro-CPU-6-coeurs-GPU-5-coeurs-Indigo-Touch-ID.jpg,799
Apple Watch Ultra 3 GPS + Cellular 49mm Boitier en Titane Noir avec Boucle Alpine noir Small,https://static.fnac-static.com/multimedia/Images/FR/MDM/7b/78/b6/28735611/1505-1/tsp20260522090207/Apple-Watch-Ultra-3-GPS-Cellular-49mm-Boitier-en-Titane-Noir-avec-Boucle-Alpine-noir-Small.jpg,899.99
"Apple MacBook Air 13"" 128 Go SSD 8 Go RAM Intel® Core™ i5 Or 2019 Reconditionné",https://static.fnac-static.com/multimedia/Images/FR/MDM/78/35/be/29242744/1505-1/tsp20260327180955/Apple-MacBook-Air-13-128-Go-D-8-Go-RAM-Intel-Core-i5-Or-2019-Reconditionne.jpg,399.0
"Apple MacBook Air 13"" 512 Go SSD 8 Go RAM Puce Apple M3 CPU 8 cœurs GPU 10 cœurs Argent 2024 Reconditionné",https://static.fnac-static.com/multimedia/Images/FR/MDM/6b/91/ba/29004139/1505-1/tsp20260106132316/Apple-MacBook-Air-13-512-Go-D-8-Go-RAM-Puce-Apple-M3-CPU-8-coeurs-GPU-10-coeurs-Argent-2024-Reconditionne.jpg,1149.0
"Apple MacBook Pro 13"" 256 Go SSD 8 Go RAM Intel® Core™ i5 Argent 2019 Reconditionné",https://static.fnac-static.com/multimedia/Images/FR/MDM/80/35/be/29242752/1505-1/tsp20260331031217/Apple-MacBook-Pro-13-256-Go-D-8-Go-RAM-Intel-Core-i5-Argent-2019-Reconditionne.jpg,479.0
Clavier tablette Logitech Keys-To-Go 2 pour iPad iPhone Mac et Apple TV Gris Pâle,https://static.fnac-static.com/multimedia/Images/FR/MDM/bd/61/6b/23814589/1505-1/tsp20260418084441/Clavier-tablette-Logitech-Keys-To-Go-2-pour-iPad-iPhone-Mac-et-Apple-TV-Gris-Pale.jpg,89.99
Clavier tablette Logitech Keys-To-Go 2 pour iPad iPhone Mac et Apple TV Graphite,https://static.fnac-static.com/multimedia/Images/FR/MDM/be/61/6b/23814590/1505-1/tsp20260418084959/Clavier-tablette-Logitech-Keys-To-Go-2-pour-iPad-iPhone-Mac-et-Apple-TV-Graphite.jpg,89.99
Hub USB 7-en-2 HyperDrive Duo Pro HD575-GRAY pour Apple MacBook Air et MacBook Pro Gris Sideral,https://static.fnac-static.com/multimedia/Images/FR/MDM/68/99/2e/19831144/1505-1/tsp20260507092549/Hub-USB-7-en-2-HyperDrive-Duo-Pro-HD575-GRAY-pour-Apple-MacBook-Air-et-MacBook-Pro-Gris-Sideral.jpg,99
"Targus VersaVu - Étui à rabat pour tablette - plastique - clair, noir - pour Apple 13-inch iPad Pro (M4, M5)",https://static.fnac-static.com/multimedia/Images/FR/MDM/ec/84/6b/23823596/1505-1/tsp20260611040505/Targus-VersaVu-Etui-a-rabat-pour-tablette-plastique-clair-noir-pour-Apple-13-inch-iPad-Pro-M4-M5.jpg,52.99
"Targus VersaVu - Étui à rabat pour tablette - plastique - clair, noir - pour Apple 11-inch iPad Pro (M4, M5)",https://static.fnac-static.com/multimedia/Images/FR/MDM/f3/84/6b/23823603/1505-1/tsp20260611040505/Targus-VersaVu-Etui-a-rabat-pour-tablette-plastique-clair-noir-pour-Apple-11-inch-iPad-Pro-M4-M5.jpg,59.99
"Targus VersaVu - Étui à rabat pour tablette - rotation de 360 degrés - polyuréthane, polyuréthanne thermoplastique (TPU) - noir - 10.9"" - pour Apple 10.9-inch iPad (10ème génération); iPad A16 Wi-Fi, A16 Wi-Fi + Cellular",https://static.fnac-static.com/multimedia/Images/69/16/F5/13/20926825-1505-1505-1/tsp20260130080821/Targus-VersaVu-Etui-a-rabat-pour-tablette-rotation-de-360-degres-polyurethane-polyurethanne-thermoplastique-TPU-noir-10-9-pour-Apple-10-9-inch-iPad-10eme-generation-iPad-A16-Wi-Fi-A16-Wi-Fi-Cellular.jpg,59.99
Chargeur sans fil T'nB pour Apple Watch Blanc,https://static.fnac-static.com/multimedia/Images/FR/MDM/02/ac/b4/28617730/1505-1/tsp20251202144625/Chargeur-sans-fil-T-nB-pour-Apple-Watch-Blanc.jpg,14.99
Bracelet Sport Apple pour Apple Watch 42 mm Minuit S/M,,106.00
"cable apple mxk22zm/a blister lightning / jack 3,5mm blanc/blanc 1,2m",https://static.fnac-static.com/multimedia/Images/3F/03/43/10/17051711-1505-1505-1/tsp20260523221110/cable-apple-mxk22zm-a-blister-lightning-jack-3-5mm-blanc-blanc-1-2m.jpg,99.00
Porte-clés Apple AirTag Noir,https://static.fnac-static.com/multimedia/Images/FR/MDM/29/7b/53/22248233/1505-1/tsp20251009110553/Porte-cles-Apple-AirTag-Noir.jpg,106.00
Station de recharge sans fil 3 en 1 Belkin avec MagSafe pour Apple AirPods et iPhone 12 Blanc,https://static.fnac-static.com/multimedia/Images/FR/MDM/b0/34/f2/15873200/1505-1.jpg,188.42
Duracell Câble De Chargement Et Sync Mfi De 1 Mètre Pour Apple Lightning Avec Compatible Avec Iphone 5- Iphone Se-6-6 Plus-6S-6S,https://static.fnac-static.com/multimedia/Images/35/35/33/39/935578-1505-1505-1/tsp20171017221402/Duracell-Cable-De-Chargement-Et-Sync-Mfi-De-1-Metre-Pour-Apple-Lightning-Avec-Compatible-Avec-Iphone-5-Iphone-Se-6-6-Plus-6S-6S.jpg,84.14
Ecouteurs Apple EarPods avec connecteur Lightning Blanc,https://static.fnac-static.com/multimedia/Images/FR/NR/7b/76/7f/8353403/1505-1/tsp20160909172707/Ecouteurs-Apple-EarPods-avec-connecteur-Lightning.jpg,29.990000000000002
Apple Airpods 4 Blanc avec Boîtier de charge USB‑C Ecouteurs sans fil avec réduction active du bruit,https://static.fnac-static.com/multimedia/Images/FR/MDMFR/MDM/d4/f1/6e/24048084/1505-1/tsp20260612103231/Apple-Airpods-4-Blanc-avec-Boitier-de-charge-USB-C-Ecouteurs-sans-fil-avec-reduction-active-du-bruit.jpg,199.98999999999998
Ecouteurs Apple EarPods avec mini-jack 3.5 mm Blanc,https://static.fnac-static.com/multimedia/Images/FR/NR/52/76/7f/8353362/1505-1/tsp20170316094627/Ecouteurs-Apple-EarPods-avec-mini-jack-3-5-mm.jpg,23.99
Apple AirPods Pro 3 Blanc,https://static.fnac-static.com/multimedia/Images/FR/MDM/0f/ad/50/22064399/1505-1/tsp20260616170643/Apple-AirPods-Pro-3-Blanc.jpg,249.98999999999998
Apple AirPods Max 2 Minuit à réduction de bruit active,https://static.fnac-static.com/multimedia/Images/FR/MDM/0c/ad/50/22064396/1505-1/tsp20260616084035/Apple-AirPods-Max-2-Minuit-a-reduction-de-bruit-active.jpg,579
Apple AirPods Max 2 Mauve à réduction de bruit active,https://static.fnac-static.com/multimedia/Images/FR/MDM/16/ad/50/22064406/1505-1/tsp20260614093039/Apple-AirPods-Max-2-Mauve-a-reduction-de-bruit-active.jpg,579
Apple AirPods Max 2 Bleu à réduction de bruit active,https://static.fnac-static.com/multimedia/Images/FR/MDM/10/ad/50/22064400/1505-1/tsp20260616084035/Apple-AirPods-Max-2-Bleu-a-reduction-de-bruit-active.jpg,579
Apple AirPods Max 2 Lumière à réduction de bruit active,https://static.fnac-static.com/multimedia/Images/FR/MDM/11/ad/50/22064401/1505-1/tsp20260616084035/Apple-AirPods-Max-2-Lumiere-a-reduction-de-bruit-active.jpg,579
Ecouteurs Apple EarPods avec connecteur USB‑C Blanc,https://static.fnac-static.com/multimedia/Images/FR/MDM/84/08/53/22218884/1505-1/tsp20260612102406/Ecouteurs-Apple-EarPods-avec-connecteur-USB-C-Blanc.jpg,25.99
Apple Airpods 4 Blanc avec Boîtier de charge USB‑C Ecouteurs sans fil,https://static.fnac-static.com/multimedia/Images/FR/MDMFR/MDM/d1/f1/6e/24048081/1505-1/tsp20260612103231/Apple-Airpods-4-Blanc-avec-Boitier-de-charge-USB-C-Ecouteurs-sans-fil.jpg,149.98999999999998
Apple AirPods Max 2 Orange à réduction de bruit active,https://static.fnac-static.com/multimedia/Images/FR/MDM/1a/ad/50/22064410/1505-1/tsp20260616084035/Apple-AirPods-Max-2-Orange-a-reduction-de-bruit-active.jpg,579
Adaptateur secteur Apple 20 Watts USB-C Blanc,https://static.fnac-static.com/multimedia/Images/FR/MDM/39/d2/ef/15716921/1505-1/tsp20260617130730/Adaptateur-secteur-Apple-20-Watts-USB-C-Blanc.jpg,26.99
Câble USB-C vers Lightning pour Apple iPhone/iPad/iPod 1m Blanc,https://static.fnac-static.com/multimedia/Images/FR/MDM/a6/b8/07/17283238/1505-1/tsp20260617130730/Cable-USB-C-vers-Lightning-pour-Apple-iPhone-iPad-iPod-1m-Blanc.jpg,25.99
Adaptateur Apple USB‑C vers Mini Jack 3.5 mm Blanc,https://static.fnac-static.com/multimedia/Images/FR/MDM/67/c5/8d/9291111/1505-1/tsp20251205171837/Adaptateur-Apple-USB-C-vers-Mini-Jack-3-5-mm-Blanc.jpg,11.99
Apple Coque en tissage fin avec MagSafe pour iPhone 15 Plus Noir,https://static.fnac-static.com/multimedia/Images/FR/MDM/f2/bb/52/22199282/1505-1/tsp20260613082156/Apple-Coque-en-tiage-fin-avec-MagSafe-pour-iPhone-15-Plus-Noir.jpg,55.99
Adaptateur Apple USB-C vers Lightning pour iPhone Blanc,https://static.fnac-static.com/multimedia/Images/FR/MDM/66/8e/52/22187622/1505-1/tsp20260417113642/Adaptateur-Apple-USB-C-vers-Lightning-pour-iPhone-Blanc.jpg,35.99
"Apple iPhone 15 Plus 6,7"" 5G Double SIM 512 Go Jaune",https://static.fnac-static.com/multimedia/Images/FR/MDM/bb/f0/52/22212795/1505-1/tsp20260218214712/Apple-iPhone-15-Plus-6-7-5G-Double-SIM-512-Go-Jaune.jpg,999.99
Apple Coque de protection avec MagSafe pour iPhone 16 Pro transparente,https://static.fnac-static.com/multimedia/Images/FR/MDMFR/MDM/8f/0e/6e/23989903/1505-1/tsp20251126092422/Apple-Coque-de-protection-avec-MagSafe-pour-iPhone-16-Pro-transparente.jpg,49.99
"Apple iPhone 15 Pro 6,1"" 5G Double SIM 1 To Blanc Titanium",https://static.fnac-static.com/multimedia/Images/FR/MDM/f4/f0/52/22212852/1505-1/tsp20260218215842/Apple-iPhone-15-Pro-6-1-5G-Double-SIM-1-To-Blanc-Titanium.jpg,1559
"Apple iPhone 15 6,1"" 5G Double SIM 512 Go Jaune",https://static.fnac-static.com/multimedia/Images/FR/MDM/f0/f0/52/22212848/1505-1/tsp20260218215842/Apple-iPhone-15-6-1-5G-Double-SIM-512-Go-Jaune.jpg,869.99
"Apple iPhone 15 Plus 6,7"" 5G Double SIM 512 Go Vert",https://static.fnac-static.com/multimedia/Images/FR/MDM/86/f0/52/22212742/1505-1/tsp20260218214712/Apple-iPhone-15-Plus-6-7-5G-Double-SIM-512-Go-Vert.jpg,999.99
"Apple iPhone 15 Pro Max 6,7"" 5G Double SIM 1 To Noir Titanium",https://static.fnac-static.com/multimedia/Images/FR/MDM/19/f1/52/22212889/1505-1/tsp20260218215842/Apple-iPhone-15-Pro-Max-6-7-5G-Double-SIM-1-To-Noir-Titanium.jpg,1629
Coque transparente avec MagSafe pour Apple iPhone 14 Plus,https://static.fnac-static.com/multimedia/Images/FR/MDM/28/20/35/20258856/1505-1/tsp20260613081458/Coque-transparente-avec-MagSafe-pour-Apple-iPhone-14-Plus.jpg,49.99
"Apple iPhone 15 Pro Max 6,7"" 5G Double SIM 512 Go Blanc Titanium",https://static.fnac-static.com/multimedia/Images/FR/MDM/35/f1/52/22212917/1505-1/tsp20260218215842/Apple-iPhone-15-Pro-Max-6-7-5G-Double-SIM-512-Go-Blanc-Titanium.jpg,1599
"Apple iPhone 15 Pro Max 6,7"" 5G Double SIM 512 Go Natural Titanium",https://static.fnac-static.com/multimedia/Images/FR/MDM/f7/f0/52/22212855/1505-1/tsp20260218215842/Apple-iPhone-15-Pro-Max-6-7-5G-Double-SIM-512-Go-Natural-Titanium.jpg,1599
"Apple iPhone 16e 6,1"" 5G Double SIM 512 Go Blanc",https://static.fnac-static.com/multimedia/Images/FR/MDM/45/cc/a6/27708485/1505-1/tsp20260305090043/Apple-iPhone-16e-6-1-5G-Double-SIM-512-Go-Blanc.jpg,989
Apple Coque en silicone avec MagSafe pour iPhone 15 Plus Transparent,https://static.fnac-static.com/multimedia/Images/FR/MDM/0d/bc/52/22199309/1505-1/tsp20260614093039/Apple-Coque-en-silicone-avec-MagSafe-pour-iPhone-15-Plus-Transparent.jpg,49.99
Coque en silicone Apple Noir pour iPhone 16e et 17e,https://static.fnac-static.com/multimedia/Images/FR/MDM/a0/1f/c1/12656544/1505-1/tsp20260614085842/Coque-en-silicone-Apple-Noir-pour-iPhone-16e-et-17e.jpg,36.0
"Apple iPhone 15 Pro Max 6,7"" 5G Double SIM 1 To Natural Titanium",https://static.fnac-static.com/multimedia/Images/FR/MDM/f8/f0/52/22212856/1505-1/tsp20260218215842/Apple-iPhone-15-Pro-Max-6-7-5G-Double-SIM-1-To-Natural-Titanium.jpg,1629
Câble USB Type C vers Lightning pour Apple 2 m Blanc,https://static.fnac-static.com/multimedia/Images/FR/MDM/c7/42/05/17121991/1505-1/tsp20260523100721/Cable-USB-Type-C-vers-Lightning-pour-Apple-2-m-Blanc.jpg,35.99
"Apple iPhone 15 Plus 6,7"" 5G Double SIM 512 Go Rose",https://static.fnac-static.com/multimedia/Images/FR/MDM/aa/f0/52/22212778/1505-1/tsp20260218214712/Apple-iPhone-15-Plus-6-7-5G-Double-SIM-512-Go-Rose.jpg,999.99
Coque Apple en silicone avec MagSafe vert ardoise pour iPhone 17,https://static.fnac-static.com/multimedia/Images/FR/MDM/9a/1f/c1/12656538/1505-1/tsp20260617084600/Coque-Apple-en-silicone-avec-MagSafe-vert-ardoise-pour-iPhone-17.jpg,49.99
Coque Apple en silicone avec MagSafe brume violette pour iPhone 17,https://static.fnac-static.com/multimedia/Images/FR/MDM/90/1f/c1/12656528/1505-1/tsp20260617084600/Coque-Apple-en-silicone-avec-MagSafe-brume-violette-pour-iPhone-17.jpg,49.99
Coque Apple en silicone avec MagSafe bleu maritime pour iPhone 17,https://static.fnac-static.com/multimedia/Images/FR/MDM/9f/1f/c1/12656543/1505-1/tsp20260617084600/Coque-Apple-en-silicone-avec-MagSafe-bleu-maritime-pour-iPhone-17.jpg,49.99
Coque Apple en tissage technique avec MagSafe violet pour iPhone 17 Pro,https://static.fnac-static.com/multimedia/Images/FR/MDM/b1/1f/c1/12656561/1505-1/tsp20260617084600/Coque-Apple-en-tiage-technique-avec-MagSafe-violet-pour-iPhone-17-Pro.jpg,55.99
Coque Apple en silicone avec MagSafe jaune fluo pour iPhone 17,https://static.fnac-static.com/multimedia/Images/FR/MDM/a9/1f/c1/12656553/1505-1/tsp20260617084600/Coque-Apple-en-silicone-avec-MagSafe-jaune-fluo-pour-iPhone-17.jpg,49.99
Coque Apple en tissage technique avec MagSafe noir pour iPhone 17 Pro Max,https://static.fnac-static.com/multimedia/Images/FR/MDM/ad/1f/c1/12656557/1505-1/tsp20260614090238/Coque-Apple-en-tiage-technique-avec-MagSafe-noir-pour-iPhone-17-Pro-Max.jpg,55.99
Coque Apple en silicone avec MagSafe noir pour iPhone 17,https://static.fnac-static.com/multimedia/Images/FR/MDM/af/1f/c1/12656559/1505-1/tsp20260617084600/Coque-Apple-en-silicone-avec-MagSafe-noir-pour-iPhone-17.jpg,49.99
Coque Apple en silicone avec MagSafe noir pour iPhone 17 Pro Max,https://static.fnac-static.com/multimedia/Images/FR/MDM/31/08/04/17041457/1505-1/tsp20260611033027/Coque-Apple-en-silicone-avec-MagSafe-noir-pour-iPhone-17-Pro-Max.jpg,49.99
Coque Apple en silicone avec MagSafe brume violettepour iPhone 17 Pro Max,https://static.fnac-static.com/multimedia/Images/FR/MDM/fc/07/04/17041404/1505-1/tsp20260617084600/Coque-Apple-en-silicone-avec-MagSafe-brume-violettepour-iPhone-17-Pro-Max.jpg,49.99
Coque Apple en silicone avec MagSafe noir pour iPhone 17 Pro,https://static.fnac-static.com/multimedia/Images/FR/MDM/3f/08/04/17041471/1505-1/tsp20260617084600/Coque-Apple-en-silicone-avec-MagSafe-noir-pour-iPhone-17-Pro.jpg,49.99
Coque Apple en silicone avec MagSafe brume violette pour iPhone 17 Pro,https://static.fnac-static.com/multimedia/Images/FR/MDM/38/08/04/17041464/1505-1/tsp20260611033027/Coque-Apple-en-silicone-avec-MagSafe-brume-violette-pour-iPhone-17-Pro.jpg,49.99
Coque Apple en silicone avec MagSafe minuit pour iPhone 17 Pro,https://static.fnac-static.com/multimedia/Images/FR/MDM/3a/08/04/17041466/1505-1/tsp20260617084600/Coque-Apple-en-silicone-avec-MagSafe-minuit-pour-iPhone-17-Pro.jpg,49.99
Coque Apple en tissage technique avec MagSafe noir pour iPhone 17 Pro,https://static.fnac-static.com/multimedia/Images/FR/MDM/b0/1f/c1/12656560/1505-1/tsp20260614090238/Coque-Apple-en-tiage-technique-avec-MagSafe-noir-pour-iPhone-17-Pro.jpg,55.99
Coque Apple avec MagSafe transparente pour iPhone 17 Pro Max,https://static.fnac-static.com/multimedia/Images/FR/MDM/33/08/04/17041459/1505-1/tsp20260617084600/Coque-Apple-avec-MagSafe-transparente-pour-iPhone-17-Pro-Max.jpg,49.99
Bumper Apple sahara pour iPhone Air,https://static.fnac-static.com/multimedia/Images/FR/MDM/18/bc/52/22199320/1505-1/tsp20260403102353/Bumper-Apple-sahara-pour-iPhone-Air.jpg,36.79
Apple batterie MagSafe pour iPhone Air,https://static.fnac-static.com/multimedia/Images/FR/MDM/a6/30/b7/28782758/1505-1/tsp20260429092237/Apple-batterie-MagSafe-pour-iPhone-Air.jpg,115.99
Coque Apple avec MagSafe givre pour iPhone Air,https://static.fnac-static.com/multimedia/Images/FR/MDM/91/0e/6e/23989905/1505-1/tsp20260611040617/Coque-Apple-avec-MagSafe-givre-pour-iPhone-Air.jpg,49.99
"Apple iPhone Air 6,5"" 5G e-SIM 512 Go Noir sidéral",https://static.fnac-static.com/multimedia/Images/FR/MDM/e0/85/b6/28739040/1505-1/tsp20260611091215/Apple-iPhone-Air-6-5-5G-e-SIM-512-Go-Noir-sideral.jpg,1219
"Apple iPhone Air 6,5"" 5G e-SIM 256 Go Bleu ciel",https://static.fnac-static.com/multimedia/Images/FR/MDM/e1/85/b6/28739041/1505-1/tsp20260519133731/Apple-iPhone-Air-6-5-5G-e-SIM-256-Go-Bleu-ciel.jpg,969
"Apple iPhone Air 6,5"" 5G e-SIM 1 To Noir sidéral",https://static.fnac-static.com/multimedia/Images/FR/MDM/de/85/b6/28739038/1505-1/tsp20260611091215/Apple-iPhone-Air-6-5-5G-e-SIM-1-To-Noir-sideral.jpg,1469
"Apple iPhone Air 6,5"" 5G e-SIM 512 Go Bleu ciel",https://static.fnac-static.com/multimedia/Images/FR/MDM/df/85/b6/28739039/1505-1/tsp20260519133731/Apple-iPhone-Air-6-5-5G-e-SIM-512-Go-Bleu-ciel.jpg,1219
"Apple iPhone Air 6,5"" 5G e-SIM 1 To Bleu ciel",https://static.fnac-static.com/multimedia/Images/FR/MDM/0e/86/b6/28739086/1505-1/tsp20260512171226/Apple-iPhone-Air-6-5-5G-e-SIM-1-To-Bleu-ciel.jpg,1469
"Apple iPhone Air 6,5"" 5G e-SIM 1 To Blanc nuage",https://static.fnac-static.com/multimedia/Images/FR/MDM/0f/86/b6/28739087/1505-1/tsp20260512171226/Apple-iPhone-Air-6-5-5G-e-SIM-1-To-Blanc-nuage.jpg,1469
"Apple iPhone Air 6,5"" 5G e-SIM 512 Go Or clair",https://static.fnac-static.com/multimedia/Images/FR/MDM/9c/86/b6/28739228/1505-1/tsp20260519134527/Apple-iPhone-Air-6-5-5G-e-SIM-512-Go-Or-clair.jpg,1219
"Apple iPhone Air 6,5"" 5G e-SIM 1 To Or clair",https://static.fnac-static.com/multimedia/Images/FR/MDM/9b/86/b6/28739227/1505-1/tsp20260512171226/Apple-iPhone-Air-6-5-5G-e-SIM-1-To-Or-clair.jpg,1469
Apple Bandoulière noir,https://static.fnac-static.com/multimedia/Images/FR/MDM/e1/3d/b7/28786145/1505-1/tsp20251204184110/Apple-Bandouliere-noir.jpg,69.99
Apple Bandoulière jaune fluo,https://static.fnac-static.com/multimedia/Images/FR/MDM/df/3d/b7/28786143/1505-1/tsp20260505181652/Apple-Bandouliere-jaune-fluo.jpg,69.99
Apple Porte-cartes en tissage fin avec MagSafe violet nuit pour iPhone,https://static.fnac-static.com/multimedia/Images/FR/MDM/e5/3d/b7/28786149/1505-1/tsp20260505181652/Apple-Porte-cartes-en-tiage-fin-avec-MagSafe-violet-nuit-pour-iPhone.jpg,69.99
Apple Porte-cartes en tissage fin avec MagSafe mousse pour iPhone,https://static.fnac-static.com/multimedia/Images/FR/MDM/e7/3d/b7/28786151/1505-1/tsp20260505181652/Apple-Porte-cartes-en-tiage-fin-avec-MagSafe-moue-pour-iPhone.jpg,69.99
Apple Porte‑cartes en tissage fin avec MagSafe noir pour iPhone,https://static.fnac-static.com/multimedia/Images/FR/MDM/e8/3d/b7/28786152/1505-1/tsp20260505181652/Apple-Porte-cartes-en-tiage-fin-avec-MagSafe-noir-pour-iPhone.jpg,69.99
Coque Apple avec MagSafe ombre pour iPhone Air,https://static.fnac-static.com/multimedia/Images/FR/MDM/82/0e/6e/23989890/1505-1/tsp20260614093806/Coque-Apple-avec-MagSafe-ombre-pour-iPhone-Air.jpg,49.99
"Apple iPhone 15 Pro Max 6,7"" 5G Double SIM 512 Go Bleu Titanium",https://static.fnac-static.com/multimedia/Images/FR/MDM/d8/f0/52/22212824/1505-1/tsp20260218215842/Apple-iPhone-15-Pro-Max-6-7-5G-Double-SIM-512-Go-Bleu-Titanium.jpg,1599
Apple Coque en silicone avec MagSafe pour iPhone 15 Plus Noir,https://static.fnac-static.com/multimedia/Images/FR/MDM/fb/bb/52/22199291/1505-1/tsp20260614093039/Apple-Coque-en-silicone-avec-MagSafe-pour-iPhone-15-Plus-Noir.jpg,49.99
"Apple iPhone 16 Plus 6,7"" 5G 256 Go Double SIM Noir",https://static.fnac-static.com/multimedia/Images/FR/MDMFR/MDM/fc/47/66/23480316/1505-1/tsp20260226173712/Apple-iPhone-16-Plus-6-7-5G-256-Go-Double-SIM-Noir.jpg,1099.99
Bumper Apple gris clair pour iPhone Air,https://static.fnac-static.com/multimedia/Images/FR/MDM/f6/bb/52/22199286/1505-1/tsp20260403102353/Bumper-Apple-gris-clair-pour-iPhone-Air.jpg,36.79
Coque de protection Apple compatible avec MagSafe pour iPhone 16 Plus Tranparent,https://static.fnac-static.com/multimedia/Images/FR/MDM/86/10/6e/23990406/1505-1/tsp20260127092453/Coque-de-protection-Apple-compatible-avec-MagSafe-pour-iPhone-16-Plus-Tranparent.jpg,49.99
Bumper Apple bleu clair pour iPhone Air,https://static.fnac-static.com/multimedia/Images/FR/MDM/04/bc/52/22199300/1505-1/tsp20260403102353/Bumper-Apple-bleu-clair-pour-iPhone-Air.jpg,36.79
Bumper Apple noir pour iPhone Air,https://static.fnac-static.com/multimedia/Images/FR/MDM/07/bc/52/22199303/1505-1/tsp20260403102353/Bumper-Apple-noir-pour-iPhone-Air.jpg,36.79
Apple Coque en silicone avec MagSafe pour iPhone 15 Noir,https://static.fnac-static.com/multimedia/Images/FR/MDM/e9/bb/52/22199273/1505-1/tsp20260614093039/Apple-Coque-en-silicone-avec-MagSafe-pour-iPhone-15-Noir.jpg,49.99
Coque Apple en silicone avec MagSafe terracotta pour iPhone 17 Pro,https://static.fnac-static.com/multimedia/Images/FR/MDM/0a/08/04/17041418/1505-1/tsp20260617084600/Coque-Apple-en-silicone-avec-MagSafe-terracotta-pour-iPhone-17-Pro.jpg,49.99
"Apple iPhone 15 Plus 6,7"" 5G Double SIM 512 Go Noir",https://static.fnac-static.com/multimedia/Images/FR/MDM/85/f0/52/22212741/1505-1/tsp20260218214712/Apple-iPhone-15-Plus-6-7-5G-Double-SIM-512-Go-Noir.jpg,999.99
"Apple iPhone 15 Plus 6,7"" 5G Double SIM 512 Go Bleu",https://static.fnac-static.com/multimedia/Images/FR/MDM/99/f0/52/22212761/1505-1/tsp20260218214712/Apple-iPhone-15-Plus-6-7-5G-Double-SIM-512-Go-Bleu.jpg,999.99
"Apple iPhone 15 6,1"" 5G Double SIM 256 Go Jaune",https://static.fnac-static.com/multimedia/Images/FR/MDM/cf/f0/52/22212815/1505-1/tsp20260218214712/Apple-iPhone-15-6-1-5G-Double-SIM-256-Go-Jaune.jpg,849.99
"Apple iPhone 16 Plus 6,7"" 5G 512 Go Double SIM Sarcelle",https://static.fnac-static.com/multimedia/Images/FR/MDMFR/MDM/87/3c/66/23477383/1505-1/tsp20260226173712/Apple-iPhone-16-Plus-6-7-5G-512-Go-Double-SIM-Sarcelle.jpg,1149.99
"Apple iPhone 16 Plus 6,7"" 5G 512 Go Double SIM Blanc",https://static.fnac-static.com/multimedia/Images/FR/MDMFR/MDM/7d/3c/66/23477373/1505-1/tsp20260226173712/Apple-iPhone-16-Plus-6-7-5G-512-Go-Double-SIM-Blanc.jpg,1149.99
Bandoulière Apple Sienne,https://static.fnac-static.com/multimedia/Images/FR/MDM/ae/4a/b7/28789422/1505-1/tsp20260106181546/Bandouliere-Apple-Sienne.jpg,69.99
Apple Bandoulière gris clair,https://static.fnac-static.com/multimedia/Images/FR/MDM/e3/3d/b7/28786147/1505-1/tsp20260505181652/Apple-Bandouliere-gris-clair.jpg,69.99
Apple Bandoulière orange,https://static.fnac-static.com/multimedia/Images/FR/MDM/dd/3d/b7/28786141/1505-1/tsp20260505181652/Apple-Bandouliere-orange.jpg,69.99
Apple Bandoulière violet,https://static.fnac-static.com/multimedia/Images/FR/MDM/dc/3d/b7/28786140/1505-1/tsp20260505181652/Apple-Bandouliere-violet.jpg,69.99
Apple Bandoulière bleu,https://static.fnac-static.com/multimedia/Images/FR/MDM/db/3d/b7/28786139/1505-1/tsp20260505181652/Apple-Bandouliere-bleu.jpg,69.99
Apple Bandoulière vert,https://static.fnac-static.com/multimedia/Images/FR/MDM/e2/3d/b7/28786146/1505-1/tsp20260505181652/Apple-Bandouliere-vert.jpg,69.99
Apple Porte-cartes en tissage fin avec MagSafe roux orangé pour iPhone,https://static.fnac-static.com/multimedia/Images/FR/MDM/e4/3d/b7/28786148/1505-1/tsp20260505181652/Apple-Porte-cartes-en-tiage-fin-avec-MagSafe-roux-orange-pour-iPhone.jpg,69.99
"Apple iPhone 16 Plus 6,7"" 5G 256 Go Double SIM Sarcelle",https://static.fnac-static.com/multimedia/Images/FR/MDMFR/MDM/98/3c/66/23477400/1505-1/tsp20260226173712/Apple-iPhone-16-Plus-6-7-5G-256-Go-Double-SIM-Sarcelle.jpg,1099.99
Coque Apple avec MagSafe transparente pour iPhone 17 Pro,https://static.fnac-static.com/multimedia/Images/FR/MDM/32/08/04/17041458/1505-1/tsp20260617084600/Coque-Apple-avec-MagSafe-transparente-pour-iPhone-17-Pro.jpg,49.99
Apple chargeur MagSafe 1 m pour Iphone,https://static.fnac-static.com/multimedia/Images/FR/MDM/68/8e/52/22187624/1505-1/tsp20260611034936/Apple-chargeur-MagSafe-1-m-pour-Iphone.jpg,49.989999999999995
Apple chargeur MagSafe 2 m pour Iphone,https://static.fnac-static.com/multimedia/Images/FR/MDM/5d/8e/52/22187613/1505-1/tsp20260611034936/Apple-chargeur-MagSafe-2-m-pour-Iphone.jpg,59.989999999999995
"Câble audio Apple USB-C vers Jack 3,5 mm 1,2 m Blanc",https://static.fnac-static.com/multimedia/Images/FR/MDM/c0/81/ab/28017088/1505-1/tsp20250604230629/Cable-audio-Apple-USB-C-vers-Jack-3-5-mm-1-2-m-Blanc.jpg,45.99
Coque Apple avec MagSafe transparente pour iPhone 17,https://static.fnac-static.com/multimedia/Images/FR/MDM/aa/1f/c1/12656554/1505-1/tsp20260617084600/Coque-Apple-avec-MagSafe-transparente-pour-iPhone-17.jpg,49.99
Coque en silicone Apple Bleu Hiver pour iPhone 16e et 17e,https://static.fnac-static.com/multimedia/Images/FR/MDM/a1/1f/c1/12656545/1505-1/tsp20260614085842/Coque-en-silicone-Apple-Bleu-Hiver-pour-iPhone-16e-et-17e.jpg,36.0
"Apple iPhone 15 6,1"" 5G Double SIM 128 Go Noir",https://static.fnac-static.com/multimedia/Images/FR/MDM/cd/f0/52/22212813/1505-1/tsp20260612144119/Apple-iPhone-15-6-1-5G-Double-SIM-128-Go-Noir.jpg,719.99
"Apple iPhone 17 6,3"" 5G Double SIM 256 Go Brume",https://static.fnac-static.com/multimedia/Images/FR/MDM/18/86/b6/28739096/1505-1/tsp20260519133731/Apple-iPhone-17-6-3-5G-Double-SIM-256-Go-Brume.jpg,969
Coque Apple en silicone avec MagSafe minuit pour iPhone 17 Pro Max,https://static.fnac-static.com/multimedia/Images/FR/MDM/2f/08/04/17041455/1505-1/tsp20260617084600/Coque-Apple-en-silicone-avec-MagSafe-minuit-pour-iPhone-17-Pro-Max.jpg,49.99
Coque en silicone Apple Blanc pour iPhone 16e et 17e,https://static.fnac-static.com/multimedia/Images/FR/MDM/91/1f/c1/12656529/1505-1/tsp20260614085842/Coque-en-silicone-Apple-Blanc-pour-iPhone-16e-et-17e.jpg,36.0
"Apple iPhone 16e 6,1"" 5G Double SIM 128 Go Blanc",https://static.fnac-static.com/multimedia/Images/FR/MDM/5b/cc/a6/27708507/1505-1/tsp20260519130949/Apple-iPhone-16e-6-1-5G-Double-SIM-128-Go-Blanc.jpg,609
"Apple iPhone 16e 6,1"" 5G Double SIM 128 Go Noir",https://static.fnac-static.com/multimedia/Images/FR/MDM/42/cc/a6/27708482/1505-1/tsp20260519130949/Apple-iPhone-16e-6-1-5G-Double-SIM-128-Go-Noir.jpg,609
Coque Apple en tissage technique avec MagSafe sienne pour iPhone 17 Pro,https://static.fnac-static.com/multimedia/Images/FR/MDM/ac/1f/c1/12656556/1505-1/tsp20260614085842/Coque-Apple-en-tiage-technique-avec-MagSafe-sienne-pour-iPhone-17-Pro.jpg,55.99
Coque Apple en tissage technique avec MagSafe bleu pour iPhone 17 Pro,https://static.fnac-static.com/multimedia/Images/FR/MDM/ab/1f/c1/12656555/1505-1/tsp20260614085842/Coque-Apple-en-tiage-technique-avec-MagSafe-bleu-pour-iPhone-17-Pro.jpg,55.99
Coque avec MagSafe Apple Transparent pour iPhone 17e,https://static.fnac-static.com/multimedia/Images/FR/MDM/92/ee/be/29290130/1505-1/tsp20260614095053/Coque-avec-MagSafe-Apple-Transparent-pour-iPhone-17e.jpg,49.99
Coque en silicone avec MagSafe Apple Noir pour iPhone 17e,https://static.fnac-static.com/multimedia/Images/FR/MDM/8f/ee/be/29290127/1505-1/tsp20260326143957/Coque-en-silicone-avec-MagSafe-Apple-Noir-pour-iPhone-17e.jpg,49.99
"Apple iPhone 17e 6,1"" 5G Double SIM 256 Go Noir",https://static.fnac-static.com/multimedia/Images/FR/MDM/1f/86/be/29263391/1505-1/tsp20260519135309/Apple-iPhone-17e-6-1-5G-Double-SIM-256-Go-Noir.jpg,719
"Apple iPhone 17e 6,1"" 5G Double SIM 256 Go Blanc",https://static.fnac-static.com/multimedia/Images/FR/MDM/f1/85/be/29263345/1505-1/tsp20260611151106/Apple-iPhone-17e-6-1-5G-Double-SIM-256-Go-Blanc.jpg,719
Coque en silicone avec MagSafe Apple Rose Pastel pour iPhone 17e,https://static.fnac-static.com/multimedia/Images/FR/MDM/75/ee/be/29290101/1505-1/tsp20260312081208/Coque-en-silicone-avec-MagSafe-Apple-Rose-Pastel-pour-iPhone-17e.jpg,49.99
Bandoulière Apple Rose Goyave,https://static.fnac-static.com/multimedia/Images/FR/MDM/d0/16/bf/29300432/1505-1/tsp20260312103843/Bandouliere-Apple-Rose-Goyave.jpg,69.99
Apple Bandoulière sahara,https://static.fnac-static.com/multimedia/Images/FR/MDM/de/3d/b7/28786142/1505-1/tsp20260505181652/Apple-Bandouliere-sahara.jpg,69.99
"Apple iPhone 15 6,1"" 5G Double SIM 128 Go Bleu",https://static.fnac-static.com/multimedia/Images/FR/MDM/ed/f0/52/22212845/1505-1/tsp20260501101202/Apple-iPhone-15-6-1-5G-Double-SIM-128-Go-Bleu.jpg,719.99
Câble Apple USB-C pour iPhone 2 m Blanc,https://static.fnac-static.com/multimedia/Images/FR/MDM/5b/8e/52/22187611/1505-1/tsp20260416181226/Cable-Apple-USB-C-pour-iPhone-2-m-Blanc.jpg,35.99
"Apple iPhone 17 Pro Max 6,9"" 5G Double SIM 2 To Orange cosmique",https://static.fnac-static.com/multimedia/Images/FR/MDM/6e/86/b6/28739182/1505-1/tsp20260519133731/Apple-iPhone-17-Pro-Max-6-9-5G-Double-SIM-2-To-Orange-cosmique.jpg,2459
Coque Apple en silicone avec MagSafe terracotta pour iPhone 17 Pro Max,https://static.fnac-static.com/multimedia/Images/FR/MDM/30/08/04/17041456/1505-1/tsp20260617084600/Coque-Apple-en-silicone-avec-MagSafe-terracotta-pour-iPhone-17-Pro-Max.jpg,49.99
Apple AirTag 2e Génération,https://static.fnac-static.com/multimedia/Images/FR/MDM/6d/10/fd/16584813/1505-1/tsp20260417151344/Apple-AirTag-2e-Generation.jpg,35.989999999999995
"Apple iPhone 16 Plus 6,7"" 5G 128 Go Double SIM Sarcelle",https://static.fnac-static.com/multimedia/Images/FR/MDMFR/MDM/f7/47/66/23480311/1505-1/tsp20260501101202/Apple-iPhone-16-Plus-6-7-5G-128-Go-Double-SIM-Sarcelle.jpg,969.99
Apple Bandoulière bleu clair,https://static.fnac-static.com/multimedia/Images/FR/MDM/e0/3d/b7/28786144/1505-1/tsp20260505181652/Apple-Bandouliere-bleu-clair.jpg,69.99
"Apple iPhone Air 6,5"" 5G e-SIM 256 Go Or clair",https://static.fnac-static.com/multimedia/Images/FR/MDM/9d/86/b6/28739229/1505-1/tsp20260519134527/Apple-iPhone-Air-6-5-5G-e-SIM-256-Go-Or-clair.jpg,969
"Apple iPhone 17 Pro Max 6,9"" 5G Double SIM 256 Go Bleu intense",https://static.fnac-static.com/multimedia/Images/FR/MDM/73/86/b6/28739187/1505-1/tsp20260519134527/Apple-iPhone-17-Pro-Max-6-9-5G-Double-SIM-256-Go-Bleu-intense.jpg,1459
Coque Apple en tissage technique avec MagSafe violet pour iPhone 17 Pro Max,https://static.fnac-static.com/multimedia/Images/FR/MDM/ae/1f/c1/12656558/1505-1/tsp20260614090238/Coque-Apple-en-tiage-technique-avec-MagSafe-violet-pour-iPhone-17-Pro-Max.jpg,55.99
Coque Apple en tissage technique avec MagSafe sienne pour iPhone 17 Pro Max,https://static.fnac-static.com/multimedia/Images/FR/MDM/44/d2/ef/15716932/1505-1/tsp20260614090238/Coque-Apple-en-tiage-technique-avec-MagSafe-sienne-pour-iPhone-17-Pro-Max.jpg,55.99
"Apple iPhone 17 Pro Max 6,9"" 5G Double SIM 256 Go Orange cosmique",https://static.fnac-static.com/multimedia/Images/FR/MDM/74/86/b6/28739188/1505-1/tsp20260519134527/Apple-iPhone-17-Pro-Max-6-9-5G-Double-SIM-256-Go-Orange-cosmique.jpg,1459
"Apple iPhone 17 Pro Max 6,9"" 5G Double SIM 1 To Bleu intense",https://static.fnac-static.com/multimedia/Images/FR/MDM/6f/86/b6/28739183/1505-1/tsp20260519133731/Apple-iPhone-17-Pro-Max-6-9-5G-Double-SIM-1-To-Bleu-intense.jpg,1959
"Apple iPhone 17 Pro Max 6,9"" 5G Double SIM 512 Go Orange cosmique",https://static.fnac-static.com/multimedia/Images/FR/MDM/71/86/b6/28739185/1505-1/tsp20260519133731/Apple-iPhone-17-Pro-Max-6-9-5G-Double-SIM-512-Go-Orange-cosmique.jpg,1709
Coque Apple en silicone avec MagSafe orange pour iPhone 17 Pro,https://static.fnac-static.com/multimedia/Images/FR/MDM/01/08/04/17041409/1505-1/tsp20260614090757/Coque-Apple-en-silicone-avec-MagSafe-orange-pour-iPhone-17-Pro.jpg,49.99
Coque Apple en tissage technique avec MagSafe vert pour iPhone 17 Pro Max,https://static.fnac-static.com/multimedia/Images/FR/MDM/49/d2/ef/15716937/1505-1/tsp20260614090238/Coque-Apple-en-tiage-technique-avec-MagSafe-vert-pour-iPhone-17-Pro-Max.jpg,55.99
Bracelet Sport Apple pour Apple Watch 46 mm Blush clair S/M,https://static.fnac-static.com/multimedia/Images/FR/MDM/3e/6e/ed/15560254/1505-1/tsp20251217160212/Bracelet-Sport-Apple-pour-Apple-Watch-46-mm-Blush-clair-S-M.jpg,49.99
"Apple iPhone 16 Plus 6,7"" 5G 256 Go Double SIM Outremer",https://static.fnac-static.com/multimedia/Images/FR/MDMFR/MDM/8f/3c/66/23477391/1505-1/tsp20260226173712/Apple-iPhone-16-Plus-6-7-5G-256-Go-Double-SIM-Outremer.jpg,1099.99
"Apple iPhone Air 6,5"" 5G e-SIM 256 Go Noir sidéral",https://static.fnac-static.com/multimedia/Images/FR/MDM/9e/86/b6/28739230/1505-1/tsp20260611151106/Apple-iPhone-Air-6-5-5G-e-SIM-256-Go-Noir-sideral.jpg,969
"Apple iPhone 16 Plus 6,7"" 5G 128 Go Double SIM Noir",https://static.fnac-static.com/multimedia/Images/FR/MDMFR/MDM/f6/47/66/23480310/1505-1/tsp20260501101202/Apple-iPhone-16-Plus-6-7-5G-128-Go-Double-SIM-Noir.jpg,969.99
"Apple iPhone Air 6,5"" 5G e-SIM 512 Go Blanc nuage",https://static.fnac-static.com/multimedia/Images/FR/MDM/10/86/b6/28739088/1505-1/tsp20260512171226/Apple-iPhone-Air-6-5-5G-e-SIM-512-Go-Blanc-nuage.jpg,1219
Bandoulière Apple Rose clair,https://static.fnac-static.com/multimedia/Images/FR/MDM/ab/16/bf/29300395/1505-1/tsp20260609130837/Bandouliere-Apple-Rose-clair.jpg,69.99
"Apple iPhone 16 Plus 6,7"" 5G 128 Go Double SIM Outremer",https://static.fnac-static.com/multimedia/Images/FR/MDMFR/MDM/03/48/66/23480323/1505-1/tsp20260501101202/Apple-iPhone-16-Plus-6-7-5G-128-Go-Double-SIM-Outremer.jpg,969.99
"Apple iPhone 16 6,1"" 5G 128 Go Double SIM Rose",https://static.fnac-static.com/multimedia/Images/FR/MDMFR/MDM/f8/47/66/23480312/1505-1/tsp20260501101202/Apple-iPhone-16-6-1-5G-128-Go-Double-SIM-Rose.jpg,869.99
"Apple iPhone 15 6,1"" 5G Double SIM 256 Go Bleu",https://static.fnac-static.com/multimedia/Images/FR/MDM/10/f1/52/22212880/1505-1/tsp20260218215842/Apple-iPhone-15-6-1-5G-Double-SIM-256-Go-Bleu.jpg,849.99
"Apple iPhone 17 6,3"" 5G Double SIM 256 Go Noir",https://static.fnac-static.com/multimedia/Images/FR/MDM/19/86/b6/28739097/1505-1/tsp20260519133731/Apple-iPhone-17-6-3-5G-Double-SIM-256-Go-Noir.jpg,969
"Apple iPhone 17 Pro 6,3"" 5G Double SIM 1 To Orange cosmique",https://static.fnac-static.com/multimedia/Images/FR/MDM/75/86/b6/28739189/1505-1/tsp20260519134527/Apple-iPhone-17-Pro-6-3-5G-Double-SIM-1-To-Orange-cosmique.jpg,1829
"Apple iPhone 17 6,3"" 5G Double SIM 512 Go Brume",https://static.fnac-static.com/multimedia/Images/FR/MDM/a3/86/b6/28739235/1505-1/tsp20260519134527/Apple-iPhone-17-6-3-5G-Double-SIM-512-Go-Brume.jpg,1219
"Apple iPhone 17e 6,1"" 5G Double SIM 256 Go Rose pastel",https://static.fnac-static.com/multimedia/Images/FR/MDM/f0/85/be/29263344/1505-1/tsp20260519135309/Apple-iPhone-17e-6-1-5G-Double-SIM-256-Go-Rose-pastel.jpg,719
"Apple iPhone 17e 6,1"" 5G Double SIM 512 Go Rose pastel",https://static.fnac-static.com/multimedia/Images/FR/MDM/ff/85/be/29263359/1505-1/tsp20260519135309/Apple-iPhone-17e-6-1-5G-Double-SIM-512-Go-Rose-pastel.jpg,969
Coque Apple en tissage technique avec MagSafe bleu pour iPhone 17 Pro Max,https://static.fnac-static.com/multimedia/Images/FR/MDM/b3/1f/c1/12656563/1505-1/tsp20260617084600/Coque-Apple-en-tiage-technique-avec-MagSafe-bleu-pour-iPhone-17-Pro-Max.jpg,55.99
"Apple iPhone 17 Pro Max 6,9"" 5G Double SIM 512 Go Bleu intense",https://static.fnac-static.com/multimedia/Images/FR/MDM/a0/86/b6/28739232/1505-1/tsp20260519134527/Apple-iPhone-17-Pro-Max-6-9-5G-Double-SIM-512-Go-Bleu-intense.jpg,1709
Coque Apple en silicone avec MagSafe orange pour iPhone 17 Pro Max,https://static.fnac-static.com/multimedia/Images/FR/MDM/41/08/04/17041473/1505-1/tsp20260617084600/Coque-Apple-en-silicone-avec-MagSafe-orange-pour-iPhone-17-Pro-Max.jpg,49.99
Apple Porte-clés en tissage fin roux orangé pour AirTag,https://static.fnac-static.com/multimedia/Images/FR/MDM/2e/18/89/25761838/1505-1/tsp20251224092831/Apple-Porte-cles-en-tiage-fin-roux-orange-pour-AirTag.jpg,49.99
"Apple iPhone 17 6,3"" 5G Double SIM 256 Go Lavande",https://static.fnac-static.com/multimedia/Images/FR/MDM/a4/86/b6/28739236/1505-1/tsp20260519134527/Apple-iPhone-17-6-3-5G-Double-SIM-256-Go-Lavande.jpg,969
"Apple iPhone 17 6,3"" 5G Double SIM 512 Go Noir",https://static.fnac-static.com/multimedia/Images/FR/MDM/ef/85/b6/28739055/1505-1/tsp20260519133731/Apple-iPhone-17-6-3-5G-Double-SIM-512-Go-Noir.jpg,1219
"Apple iPhone 17 Pro Max 6,9"" 5G Double SIM 2 To Argent",https://static.fnac-static.com/multimedia/Images/FR/MDM/9f/86/b6/28739231/1505-1/tsp20260519134527/Apple-iPhone-17-Pro-Max-6-9-5G-Double-SIM-2-To-Argent.jpg,2459
"Apple iPhone 16 Plus 6,7"" 5G 128 Go Double SIM Blanc",https://static.fnac-static.com/multimedia/Images/FR/MDMFR/MDM/fb/47/66/23480315/1505-1/tsp20260501101202/Apple-iPhone-16-Plus-6-7-5G-128-Go-Double-SIM-Blanc.jpg,969.99
"Apple iPhone 17 Pro Max 6,9"" 5G Double SIM 2 To Bleu intense",https://static.fnac-static.com/multimedia/Images/FR/MDM/12/86/b6/28739090/1505-1/tsp20260519133731/Apple-iPhone-17-Pro-Max-6-9-5G-Double-SIM-2-To-Bleu-intense.jpg,2459
"Apple iPhone 16 Plus 6,7"" 5G 256 Go Double SIM Blanc",https://static.fnac-static.com/multimedia/Images/FR/MDMFR/MDM/09/48/66/23480329/1505-1/tsp20260226173712/Apple-iPhone-16-Plus-6-7-5G-256-Go-Double-SIM-Blanc.jpg,1099.99
"Apple iPhone 17 6,3"" 5G Double SIM 512 Go Sauge",https://static.fnac-static.com/multimedia/Images/FR/MDM/16/86/b6/28739094/1505-1/tsp20260519133731/Apple-iPhone-17-6-3-5G-Double-SIM-512-Go-Sauge.jpg,1219
"Apple iPhone 17 6,3"" 5G Double SIM 512 Go Blanc",https://static.fnac-static.com/multimedia/Images/FR/MDM/17/86/b6/28739095/1505-1/tsp20260519133731/Apple-iPhone-17-6-3-5G-Double-SIM-512-Go-Blanc.jpg,1219
"Apple iPhone Air 6,5"" 5G e-SIM 256 Go Blanc nuage",https://static.fnac-static.com/multimedia/Images/FR/MDM/11/86/b6/28739089/1505-1/tsp20260519133731/Apple-iPhone-Air-6-5-5G-e-SIM-256-Go-Blanc-nuage.jpg,969
"Apple iPhone 17 Pro Max 6,9"" 5G Double SIM 1 To Argent",https://static.fnac-static.com/multimedia/Images/FR/MDM/13/86/b6/28739091/1505-1/tsp20260519133731/Apple-iPhone-17-Pro-Max-6-9-5G-Double-SIM-1-To-Argent.jpg,1959
"Apple iPhone 17 Pro Max 6,9"" 5G Double SIM 512 Go Argent",https://static.fnac-static.com/multimedia/Images/FR/MDM/72/86/b6/28739186/1505-1/tsp20260519134527/Apple-iPhone-17-Pro-Max-6-9-5G-Double-SIM-512-Go-Argent.jpg,1709
"Apple iPhone 17 Pro 6,3"" 5G Double SIM 512 Go Orange cosmique",https://static.fnac-static.com/multimedia/Images/FR/MDM/a2/86/b6/28739234/1505-1/tsp20260519134527/Apple-iPhone-17-Pro-6-3-5G-Double-SIM-512-Go-Orange-cosmique.jpg,1579
"Apple iPhone 17 Pro 6,3"" 5G Double SIM 1 To Bleu intense",https://static.fnac-static.com/multimedia/Images/FR/MDM/a1/86/b6/28739233/1505-1/tsp20260519134527/Apple-iPhone-17-Pro-6-3-5G-Double-SIM-1-To-Bleu-intense.jpg,1829
"Apple iPhone 17 Pro 6,3"" 5G Double SIM 256 Go Bleu intense",https://static.fnac-static.com/multimedia/Images/FR/MDM/78/86/b6/28739192/1505-1/tsp20260519134527/Apple-iPhone-17-Pro-6-3-5G-Double-SIM-256-Go-Bleu-intense.jpg,1329
"Apple iPhone 17e 6,1"" 5G Double SIM 512 Go Blanc",https://static.fnac-static.com/multimedia/Images/FR/MDM/ef/85/be/29263343/1505-1/tsp20260519135309/Apple-iPhone-17e-6-1-5G-Double-SIM-512-Go-Blanc.jpg,969
"Apple iPhone 17e 6,1"" 5G Double SIM 512 Go Noir",https://static.fnac-static.com/multimedia/Images/FR/MDM/0f/86/be/29263375/1505-1/tsp20260519135309/Apple-iPhone-17e-6-1-5G-Double-SIM-512-Go-Noir.jpg,969
"Apple iPhone 15 6,1"" 5G Double SIM 256 Go Rose",https://static.fnac-static.com/multimedia/Images/FR/MDM/ee/f0/52/22212846/1505-1/tsp20260218215842/Apple-iPhone-15-6-1-5G-Double-SIM-256-Go-Rose.jpg,849.99
"Apple iPhone 15 6,1"" 5G Double SIM 128 Go Rose",https://static.fnac-static.com/multimedia/Images/FR/MDM/0e/f1/52/22212878/1505-1/tsp20260218215842/Apple-iPhone-15-6-1-5G-Double-SIM-128-Go-Rose.jpg,719.99
"Apple iPhone 17 6,3"" 5G Double SIM 256 Go Sauge",https://static.fnac-static.com/multimedia/Images/FR/MDM/f0/85/b6/28739056/1505-1/tsp20260519133731/Apple-iPhone-17-6-3-5G-Double-SIM-256-Go-Sauge.jpg,969
"Apple iPhone 17 6,3"" 5G Double SIM 256 Go Blanc",https://static.fnac-static.com/multimedia/Images/FR/MDM/a5/86/b6/28739237/1505-1/tsp20260519134527/Apple-iPhone-17-6-3-5G-Double-SIM-256-Go-Blanc.jpg,969
"Apple iPhone 17 Pro 6,3"" 5G Double SIM 256 Go Argent",https://static.fnac-static.com/multimedia/Images/FR/MDM/ed/85/b6/28739053/1505-1/tsp20260519133731/Apple-iPhone-17-Pro-6-3-5G-Double-SIM-256-Go-Argent.jpg,1329
"Apple iPhone 17 Pro 6,3"" 5G Double SIM 256 Go Orange cosmique",https://static.fnac-static.com/multimedia/Images/FR/MDM/79/86/b6/28739193/1505-1/tsp20260519134527/Apple-iPhone-17-Pro-6-3-5G-Double-SIM-256-Go-Orange-cosmique.jpg,1329
Pack de 4 Apple AirTag 2e Génération,https://static.fnac-static.com/multimedia/Images/FR/MDM/73/10/fd/16584819/1505-1/tsp20260305084948/Pack-de-4-Apple-AirTag-2e-Generation.jpg,119.99
"Apple iPhone 17 Pro Max 6,9"" 5G Double SIM 1 To Orange cosmique",https://static.fnac-static.com/multimedia/Images/FR/MDM/70/86/b6/28739184/1505-1/tsp20260519133731/Apple-iPhone-17-Pro-Max-6-9-5G-Double-SIM-1-To-Orange-cosmique.jpg,1959
"Apple iPhone 17 Pro 6,3"" 5G Double SIM 512 Go Bleu intense",https://static.fnac-static.com/multimedia/Images/FR/MDM/15/86/b6/28739093/1505-1/tsp20260519133731/Apple-iPhone-17-Pro-6-3-5G-Double-SIM-512-Go-Bleu-intense.jpg,1579
"Apple iPhone 16 6,1"" 5G 128 Go Double SIM Noir",https://static.fnac-static.com/multimedia/Images/FR/MDMFR/MDM/fe/47/66/23480318/1505-1/tsp20260519115833/Apple-iPhone-16-6-1-5G-128-Go-Double-SIM-Noir.jpg,869.99
Coque Apple en tissage technique avec MagSafe vert pour iPhone 17 Pro,https://static.fnac-static.com/multimedia/Images/FR/MDM/b2/1f/c1/12656562/1505-1/tsp20260614090238/Coque-Apple-en-tiage-technique-avec-MagSafe-vert-pour-iPhone-17-Pro.jpg,55.99
"Apple iPhone 16 6,1"" 5G 128 Go Double SIM Outremer",https://static.fnac-static.com/multimedia/Images/FR/MDMFR/MDM/05/48/66/23480325/1505-1/tsp20260519115833/Apple-iPhone-16-6-1-5G-128-Go-Double-SIM-Outremer.jpg,869.99
"Apple iPhone 17 Pro 6,3"" 5G Double SIM 512 Go Argent",https://static.fnac-static.com/multimedia/Images/FR/MDM/77/86/b6/28739191/1505-1/tsp20260519134527/Apple-iPhone-17-Pro-6-3-5G-Double-SIM-512-Go-Argent.jpg,1579
"Apple iPhone 16 6,1"" 5G 128 Go Double SIM Sarcelle",https://static.fnac-static.com/multimedia/Images/FR/MDMFR/MDM/ff/47/66/23480319/1505-1/tsp20260502084213/Apple-iPhone-16-6-1-5G-128-Go-Double-SIM-Sarcelle.jpg,869.99
"Apple iPhone 16 6,1"" 5G 128 Go Double SIM Blanc",https://static.fnac-static.com/multimedia/Images/FR/MDMFR/MDM/f2/47/66/23480306/1505-1/tsp20260502084213/Apple-iPhone-16-6-1-5G-128-Go-Double-SIM-Blanc.jpg,869.99
"Apple iPhone 16 Plus 6,7"" 5G 128 Go Double SIM Rose",https://static.fnac-static.com/multimedia/Images/FR/MDMFR/MDM/08/48/66/23480328/1505-1/tsp20260501101202/Apple-iPhone-16-Plus-6-7-5G-128-Go-Double-SIM-Rose.jpg,969.99
"Apple iPhone 17 Pro Max 6,9"" 5G Double SIM 256 Go Argent",https://static.fnac-static.com/multimedia/Images/FR/MDM/14/86/b6/28739092/1505-1/tsp20260519133731/Apple-iPhone-17-Pro-Max-6-9-5G-Double-SIM-256-Go-Argent.jpg,1459
"Apple iPhone 17 Pro 6,3"" 5G Double SIM 1 To Argent",https://static.fnac-static.com/multimedia/Images/FR/MDM/76/86/b6/28739190/1505-1/tsp20260519134527/Apple-iPhone-17-Pro-6-3-5G-Double-SIM-1-To-Argent.jpg,1829
"Apple iPhone 16e 6,1"" 5G Double SIM 256 Go Blanc",https://static.fnac-static.com/multimedia/Images/FR/MDM/44/cc/a6/27708484/1505-1/tsp20260519130949/Apple-iPhone-16e-6-1-5G-Double-SIM-256-Go-Blanc.jpg,739
"Apple iPhone 15 6,1"" 5G Double SIM 256 Go Noir",https://static.fnac-static.com/multimedia/Images/FR/MDM/2c/f1/52/22212908/1505-1/tsp20260218215842/Apple-iPhone-15-6-1-5G-Double-SIM-256-Go-Noir.jpg,849.99
"Apple iPhone 16 Plus 6,7"" 5G 256 Go Double SIM Rose",https://static.fnac-static.com/multimedia/Images/FR/MDMFR/MDM/fd/47/66/23480317/1505-1/tsp20260506180422/Apple-iPhone-16-Plus-6-7-5G-256-Go-Double-SIM-Rose.jpg,1099.99
Pack 4 Apple AirTag 1ᵉ Génération,https://static.fnac-static.com/multimedia/Images/FR/MDM/7c/10/fd/16584828/1505-1/tsp20260413084435/Pack-4-Apple-AirTag-1-Generation.jpg,129.99
"Apple iPhone 17 6,3"" 5G Double SIM 512 Go Lavande",https://static.fnac-static.com/multimedia/Images/FR/MDM/ee/85/b6/28739054/1505-1/tsp20260519133731/Apple-iPhone-17-6-3-5G-Double-SIM-512-Go-Lavande.jpg,1219
"Apple iPhone 15 6,1"" 5G Double SIM 128 Go Jaune",https://static.fnac-static.com/multimedia/Images/FR/MDM/ce/f0/52/22212814/1505-1/tsp20260501101202/Apple-iPhone-15-6-1-5G-Double-SIM-128-Go-Jaune.jpg,719.99
"Apple iPhone 16e 6,1"" 5G Double SIM 512 Go Noir",https://static.fnac-static.com/multimedia/Images/FR/MDM/5c/cc/a6/27708508/1505-1/tsp20260305090043/Apple-iPhone-16e-6-1-5G-Double-SIM-512-Go-Noir.jpg,989
Coque en silicone avec MagSafe Apple Vanille pour iPhone 17,https://static.fnac-static.com/multimedia/Images/FR/MDM/b6/ee/be/29290166/1505-1/tsp20260314081045/Coque-en-silicone-avec-MagSafe-Apple-Vanille-pour-iPhone-17.jpg,49.99
"Apple iPhone 14 6.1"" 5G Double SIM 128 Go Noir minuit",https://static.fnac-static.com/multimedia/Images/FR/MDM/41/3b/32/20069185/1505-1/tsp20260501100625/Apple-iPhone-14-6-1-5G-Double-SIM-128-Go-Noir-minuit.jpg,629
Batterie de secours T'nB pour Apple Watch 2500 mAh Noir,https://static.fnac-static.com/multimedia/Images/FR/MDM/9e/40/a6/27672734/1505-1/tsp20260325103843/Batterie-de-secours-T-nB-pour-Apple-Watch-2500-mAh-Noir.jpg,29.990000000000002
"Apple - (PRODUCT) RED - boucle pour montre intelligente - taille Regular - rouge - pour Watch Hermès Series 7, Hermès Series 9, SE 3, Series 10, Series 11, Series 8, Series 9",https://static.fnac-static.com/multimedia/Images/0B/D0/89/10/17341707-1505-1505-1/tsp20250917082731/Apple-PRODUCT-RED-boucle-pour-montre-intelligente-taille-Regular-rouge-pour-Watch-Hermes-Series-7-Hermes-Series-9-SE-3-Series-10-Series-11-Series-8-Series-9.jpg,106.00
APPLE BM8041 STYLWRITER*** 1 & 2(COMPAT,,17.68
Clavier tablette Logitech Keys-To-Go 2 pour iPad iPhone Mac et Apple TV Graphite,https://static.fnac-static.com/multimedia/Images/FR/MDM/be/61/6b/23814590/1505-1/tsp20260418084959/Clavier-tablette-Logitech-Keys-To-Go-2-pour-iPad-iPhone-Mac-et-Apple-TV-Graphite.jpg,89.99
Clavier tablette Logitech Keys-To-Go 2 pour iPad iPhone Mac et Apple TV Gris Pâle,https://static.fnac-static.com/multimedia/Images/FR/MDM/bd/61/6b/23814589/1505-1/tsp20260418084441/Clavier-tablette-Logitech-Keys-To-Go-2-pour-iPad-iPhone-Mac-et-Apple-TV-Gris-Pale.jpg,104.16
Logitech Combo Touch - Clavier et étui - avec trackpad - rétroéclairé - Apple Smart connector - QWERTY - R.-U. - graphite - pour Apple 11-inch iPad Pro (M4),https://static.fnac-static.com/multimedia/Images/E0/EE/1D/1A/27385568-1505-1505-1/tsp20260510033135/Logitech-Combo-Touch-Clavier-et-etui-avec-trackpad-retroeclaire-Apple-Smart-connector-QWERTY-R-U-graphite-pour-Apple-11-inch-iPad-Pro-M4.jpg,319.99
"Logitech Combo Touch - Clavier et étui - avec trackpad - rétroéclairé - Apple Smart connector - QWERTZ - Suisse - graphite - pour Apple 10.2-inch iPad (7ème génération, 8ème génération, 9ème génération)",https://static.fnac-static.com/multimedia/Images/AC/AA/1C/11/17943212-1505-1505-1/tsp20260510031658/Logitech-Combo-Touch-Clavier-et-etui-avec-trackpad-retroeclaire-Apple-Smart-connector-QWERTZ-Suie-graphite-pour-Apple-10-2-inch-iPad-7eme-generation-8eme-generation-9eme-generation.jpg,217.57
Logitech Combo Touch - Clavier et étui - avec trackpad - rétroéclairé - Apple Smart connector - QWERTY - R.-U. - graphite - pour Apple 13-inch iPad Pro (M4),https://static.fnac-static.com/multimedia/Images/3F/53/1D/1A/27383103-1505-1505-1/tsp20260510033135/Logitech-Combo-Touch-Clavier-et-etui-avec-trackpad-retroeclaire-Apple-Smart-connector-QWERTY-R-U-graphite-pour-Apple-13-inch-iPad-Pro-M4.jpg,418.85
"Logitech Combo Touch - Clavier et étui - avec trackpad - rétroéclairé - Apple Smart connector - QWERTZ - Suisse - gris oxford - pour Apple 13-inch iPad Air (M2, M3)",https://static.fnac-static.com/multimedia/Images/91/39/F3/16/24064913-1505-1505-1/tsp20260510032602/Logitech-Combo-Touch-Clavier-et-etui-avec-trackpad-retroeclaire-Apple-Smart-connector-QWERTZ-Suie-gris-oxford-pour-Apple-13-inch-iPad-Air-M2-M3.jpg,303.99
"Logitech Rugged Folio - Clavier et étui - Apple Smart connector - QWERTZ - Suisse - pour Apple 10.2-inch iPad (7ème génération, 8ème génération, 9ème génération)",https://static.fnac-static.com/multimedia/Images/A1/EA/5C/12/19254945-1505-1505-1/tsp20260510031658/Logitech-Rugged-Folio-Clavier-et-etui-Apple-Smart-connector-QWERTZ-Suie-pour-Apple-10-2-inch-iPad-7eme-generation-8eme-generation-9eme-generation.jpg,128.98
"Logitech Combo Touch - Clavier et étui - avec trackpad - rétroéclairé - Apple Smart connector - QWERTZ - Suisse - gris oxford - pour Apple 11-inch iPad Air (M2, M3)",https://static.fnac-static.com/multimedia/Images/85/48/F3/16/24065157-1505-1505-1/tsp20260510032602/Logitech-Combo-Touch-Clavier-et-etui-avec-trackpad-retroeclaire-Apple-Smart-connector-QWERTZ-Suie-gris-oxford-pour-Apple-11-inch-iPad-Air-M2-M3.jpg,301.02
"Logitech Combo Touch - Clavier et étui - avec trackpad - rétroéclairé - Apple Smart connector - QWERTZ - Suisse - gris oxford - pour Apple 11-inch iPad Pro (1ère génération, 2e génération, 3ème génération)",https://static.fnac-static.com/multimedia/Images/B6/BB/1C/11/17943478-1505-1505-1/tsp20260510031658/Logitech-Combo-Touch-Clavier-et-etui-avec-trackpad-retroeclaire-Apple-Smart-connector-QWERTZ-Suie-gris-oxford-pour-Apple-11-inch-iPad-Pro-1ere-generation-2e-generation-3eme-generation.jpg,258.99
Logitech Combo Touch - Clavier et étui - avec trackpad - rétroéclairé - Apple Smart connector - QWERTZ - Suisse - gris oxford - pour Apple 10.9-inch iPad (10ème génération),https://static.fnac-static.com/multimedia/Images/EA/3E/19/14/21074922-1505-1505-1/tsp20260510032216/Logitech-Combo-Touch-Clavier-et-etui-avec-trackpad-retroeclaire-Apple-Smart-connector-QWERTZ-Suie-gris-oxford-pour-Apple-10-9-inch-iPad-10eme-generation.jpg,271.47
"Logitech Flip Folio - Clavier et étui - full size - sans fil - Bluetooth 5.1 LE - QWERTZ - Suisse - graphite - pour Apple 10.9-inch iPad Air (5th generation); 11-inch iPad Air (M2, M3); 11-inch iPad Pro (M4, M5)",https://static.fnac-static.com/multimedia/Images/FR/MDM/d6/40/b3/28524758/1505-1/tsp20251211114315/Logitech-Flip-Folio-Clavier-et-etui-full-size-sans-fil-Bluetooth-5-1-LE-QWERTZ-Suie-graphite-pour-Apple-10-9-inch-iPad-Air-5th-generation-11-inch-iPad-Air-M2-M3-11-inch-iPad-Pro-M4-M5.jpg,253.73
"Targus VersaVu Classic - Étui à rabat pour tablette - faux cuir polyuréthane - noir - 12.9"" - pour Apple 12.9-inch iPad Pro (3ème génération, 4ème génération, 5ème génération)",https://static.fnac-static.com/multimedia/Images/FR/NR/12/6e/a3/10710546/1505-1/tsp20250812131226/Targus-VersaVu-Claic-Etui-a-rabat-pour-tablette-faux-cuir-polyurethane-noir-12-9-pour-Apple-12-9-inch-iPad-Pro-3eme-generation-4eme-generation-5eme-generation.jpg,56.73
Targus - Stylet actif - antimicrobien - blanc - pour Apple 10.2-inch iPad; 10.5-inch iPad Air; 10.9-inch iPad Air; 12.9-inch iPad Pro,https://static.fnac-static.com/multimedia/Images/FR/NR/0c/2f/d5/13971212/1505-1/tsp20250812131226/Targus-Stylet-actif-antimicrobien-blanc-pour-Apple-10-2-inch-iPad-10-5-inch-iPad-Air-10-9-inch-iPad-Air-12-9-inch-iPad-Pro.jpg,49.95
"Targus VersaVu - Étui à rabat pour tablette - rotation de 360 degrés - polyuréthane, polyuréthanne thermoplastique (TPU) - noir - 10.9"" - pour Apple 10.9-inch iPad (10ème génération); iPad A16 Wi-Fi, A16 Wi-Fi + Cellular",https://static.fnac-static.com/multimedia/Images/69/16/F5/13/20926825-1505-1505-1/tsp20260130080821/Targus-VersaVu-Etui-a-rabat-pour-tablette-rotation-de-360-degres-polyurethane-polyurethanne-thermoplastique-TPU-noir-10-9-pour-Apple-10-9-inch-iPad-10eme-generation-iPad-A16-Wi-Fi-A16-Wi-Fi-Cellular.jpg,42.90
"Targus VersaVu - Étui à rabat pour tablette - plastique - clair, noir - pour Apple 13-inch iPad Pro (M4, M5)",https://static.fnac-static.com/multimedia/Images/FR/MDM/ec/84/6b/23823596/1505-1/tsp20260611040505/Targus-VersaVu-Etui-a-rabat-pour-tablette-plastique-clair-noir-pour-Apple-13-inch-iPad-Pro-M4-M5.jpg,43.01
"Targus VersaVu - Étui à rabat pour tablette - plastique - clair, noir - pour Apple 11-inch iPad Pro (M4, M5)",https://static.fnac-static.com/multimedia/Images/FR/MDM/f3/84/6b/23823603/1505-1/tsp20260611040505/Targus-VersaVu-Etui-a-rabat-pour-tablette-plastique-clair-noir-pour-Apple-11-inch-iPad-Pro-M4-M5.jpg,37.90
"Targus Click-In - Étui à rabat pour tablette - polycarbonate - rose gold - 8.3"" - pour Apple iPad mini (6ème génération)",https://static.fnac-static.com/multimedia/Images/FR/NR/f5/2e/d5/13971189/1505-1/tsp20250815031246/Targus-Click-In-Etui-a-rabat-pour-tablette-polycarbonate-rose-gold-8-3-pour-Apple-iPad-mini-6eme-generation.jpg,23.97
"Targus Pro-Tek - Étui à rabat pour tablette - polyuréthane, polyuréthanne thermoplastique (TPU) - noir - 10.2"" - 10.5"" - pour Apple 10.2-inch iPad (7th generation, 8th generation, 9th generation); 10.5-inch iPad Air (3rd generation); 10.5-inch iPad Pr",https://static.fnac-static.com/multimedia/Images/FR/NR/24/98/b0/11573284/1505-1/tsp20260523134437/Targus-Pro-Tek-Etui-a-rabat-pour-tablette-polyurethane-polyurethanne-thermoplastique-TPU-noir-10-2-10-5-pour-Apple-10-2-inch-iPad-7th-generation-8th-generation-9th-generation-10-5-inch-iPad-Air-3rd-generation-10-5-inch-iPad-Pr.jpg,32.99
Chargeur sans fil T'nB pour Apple Watch Blanc,https://static.fnac-static.com/multimedia/Images/FR/MDM/02/ac/b4/28617730/1505-1/tsp20251202144625/Chargeur-sans-fil-T-nB-pour-Apple-Watch-Blanc.jpg,12.90
Batterie au lithium recommandée par Apple compatible avec Apple,https://static.fnac-static.com/multimedia/Images/3F/3F/31/D0/13644095-1505-1505-1/tsp20250728173018/Batterie-au-lithium-recommandee-par-Apple-compatible-avec-Apple.jpg,4.90
Télécommande de remplacement One for all URC1110 pour Apple 3 en 1 Noir,https://static.fnac-static.com/multimedia/Images/FR/MDMFR/MDM/8b/99/69/23697803/1505-1/tsp20251110091556/Telecommande-de-remplacement-One-for-all-URC1110-pour-Apple-3-en-1-Noir.jpg,48.72
Philips DLA75004 - Câble de chargement / de données - Apple Dock mâle pour USB mâle - pour Apple iPad/iPhone/iPod (Apple Dock),https://static.fnac-static.com/multimedia/Images/FR/MC/77/c1/34/20234615/1507-1/tsp20140514144802/Philips-DLA75004-charging-data-cable.jpg,12.85
"Targus Click-In - Étui à rabat pour tablette - polyuréthane, polyuréthanne thermoplastique (TPU) - rose gold - 10.2"" - 10.5"" - pour Apple 10.2-inch iPad (7th generation, 8th generation); 10.5-inch iPad Air (3rd generation); 10.5-inch iPad Pro",,44.34